,,Build Cost,,,,,,Production,,,,,,Upkeep,,,,,,Settlement Needs,,,Domestic Index,,,,,,Building location,,,
Name w/Level,Build Turns,L,S,M,F,R,C,L,S,M,F,R,C,L,S,M,F,R,C,Med,Edu,Mor,Stability,Economy,Loyalty,Unrest,Garrison,Population,Village Inn,Outpost,City,Fortress
Academy lvl 1,8,15,15,15,15,15,5,0,0,0,0,0,0,0,0,0,5,5,5,0,2,0,0,0,0,0,0,200,FALSE,FALSE,TRUE,FALSE
Academy lvl 2,8,16,16,16,16,16,6,0,0,0,0,0,0,0,0,0,10,10,10,0,4,0,0,0,0,0,0,400,FALSE,FALSE,TRUE,FALSE
Academy lvl 3,8,17,17,17,17,17,7,0,0,0,0,0,0,0,0,0,15,15,15,0,6,0,0,0,0,0,0,600,FALSE,FALSE,TRUE,FALSE
Academy lvl 4,8,18,18,18,18,18,8,0,0,0,0,0,0,0,0,0,20,20,20,0,8,0,0,0,0,0,0,800,FALSE,FALSE,TRUE,FALSE
Academy lvl 5,8,19,19,19,19,19,9,0,0,0,0,0,0,0,0,0,25,25,25,0,10,0,0,0,0,0,0,1000,FALSE,FALSE,TRUE,FALSE
Academy lvl 6,8,20,20,20,20,20,10,0,0,0,0,0,0,0,0,0,30,30,30,0,12,0,0,0,0,0,0,1200,FALSE,FALSE,TRUE,FALSE
Academy lvl 7,8,21,21,21,21,21,11,0,0,0,0,0,0,0,0,0,35,35,35,0,14,0,0,0,0,0,0,1400,FALSE,FALSE,TRUE,FALSE
Academy lvl 8,8,22,22,22,22,22,12,0,0,0,0,0,0,0,0,0,40,40,40,0,16,0,0,0,0,0,0,1600,FALSE,FALSE,TRUE,FALSE
Academy lvl 9,8,23,23,23,23,23,13,0,0,0,0,0,0,0,0,0,45,45,45,0,18,0,0,0,0,0,0,1800,FALSE,FALSE,TRUE,FALSE
Academy lvl 10,8,24,24,24,24,24,14,0,0,0,0,0,0,0,0,0,50,50,50,0,20,0,0,0,0,0,0,2000,FALSE,FALSE,TRUE,FALSE
Airship Yard lvl 1,4,10,6,4,0,8,0,0,0,0,0,0,0,1,0,0,0,2,0,0,0,0,0,0,0,0,0,200,FALSE,FALSE,TRUE,TRUE
Airship Yard lvl 2,4,12,8,6,0,10,0,0,0,0,0,0,0,2,0,0,0,3,0,0,0,0,0,0,0,0,0,400,FALSE,FALSE,TRUE,TRUE
Airship Yard lvl 3,4,14,10,8,0,12,0,0,0,0,0,0,0,3,0,0,0,4,0,0,0,0,0,0,0,0,0,600,FALSE,FALSE,TRUE,TRUE
Airship Yard lvl 4,4,16,12,10,0,14,0,0,0,0,0,0,0,4,0,0,0,5,0,0,0,0,0,0,0,0,0,800,FALSE,FALSE,TRUE,TRUE
Airship Yard lvl 5,6,18,14,12,0,16,0,0,0,0,0,0,0,5,0,1,0,6,0,0,0,0,0,0,0,0,0,1000,FALSE,FALSE,TRUE,TRUE
Airship Yard lvl 6,6,20,16,14,0,18,0,0,0,0,0,0,0,6,0,2,0,7,0,0,0,0,0,0,0,0,0,1200,FALSE,FALSE,TRUE,TRUE
Airship Yard lvl 7,6,22,18,16,0,20,0,0,0,0,0,0,0,7,0,3,0,8,0,0,0,0,0,0,0,0,0,1400,FALSE,FALSE,TRUE,TRUE
Airship Yard lvl 8,6,24,20,18,0,22,0,0,0,0,0,0,0,8,0,4,0,9,0,0,0,0,0,0,0,0,0,1600,FALSE,FALSE,TRUE,TRUE
Airship Yard lvl 9,6,26,22,20,0,24,0,0,0,0,0,0,0,9,0,5,0,10,0,0,0,0,0,0,0,0,0,1800,FALSE,FALSE,TRUE,TRUE
Airship Yard lvl 10,8,28,24,22,0,26,0,0,0,0,0,0,0,10,0,6,0,11,0,0,0,0,0,0,0,0,0,2000,FALSE,FALSE,TRUE,TRUE
Airship Dry Dock lvl 1,4,10,4,0,0,10,0,0,0,0,0,0,0,1,0,0,0,0,0,0,0,0,0,0,0,0,0,100,FALSE,FALSE,TRUE,TRUE
Airship Dry Dock lvl 2,4,12,6,0,0,12,0,0,0,0,0,0,0,2,0,0,0,0,0,0,0,0,0,0,0,0,0,200,FALSE,FALSE,TRUE,TRUE
Airship Dry Dock lvl 3,4,14,8,0,0,14,0,0,0,0,0,0,0,3,0,0,0,0,0,0,0,0,0,0,0,0,0,300,FALSE,FALSE,TRUE,TRUE
Airship Dry Dock lvl 4,4,16,10,0,0,16,0,0,0,0,0,0,0,4,0,0,0,0,0,0,0,0,0,0,0,0,0,400,FALSE,FALSE,TRUE,TRUE
Airship Dry Dock lvl 5,6,18,12,0,0,18,0,0,0,0,0,0,0,5,0,0,0,0,0,0,0,0,0,0,0,0,0,500,FALSE,FALSE,TRUE,TRUE
Airship Dry Dock lvl 6,6,20,14,0,0,20,0,0,0,0,0,0,0,6,0,0,0,0,0,0,0,0,0,0,0,0,0,600,FALSE,FALSE,TRUE,TRUE
Airship Dry Dock lvl 7,6,22,16,0,0,22,0,0,0,0,0,0,0,7,0,0,0,0,0,0,0,0,0,0,0,0,0,700,FALSE,FALSE,TRUE,TRUE
Airship Dry Dock lvl 8,6,24,18,0,0,24,0,0,0,0,0,0,0,8,0,0,0,0,0,0,0,0,0,0,0,0,0,800,FALSE,FALSE,TRUE,TRUE
Airship Dry Dock lvl 9,6,26,20,0,0,26,0,0,0,0,0,0,0,9,0,0,0,0,0,0,0,0,0,0,0,0,0,900,FALSE,FALSE,TRUE,TRUE
Airship Dry Dock lvl 10,8,28,22,0,0,28,0,0,0,0,0,0,0,10,0,0,0,0,0,0,0,0,0,0,0,0,0,1000,FALSE,FALSE,TRUE,TRUE
Airship Port lvl 1,4,10,4,0,0,10,0,0,0,0,0,0,3,1,1,1,0,0,0,0,0,0,0,1,0,0,0,200,FALSE,FALSE,TRUE,TRUE
Airship Port lvl 2,4,12,6,0,0,12,0,0,0,0,0,0,6,2,2,2,0,0,0,0,0,0,0,2,0,0,0,400,FALSE,FALSE,TRUE,TRUE
Airship Port lvl 3,4,14,8,0,0,14,0,0,0,0,0,0,9,3,3,3,0,0,0,0,0,0,0,3,0,0,0,600,FALSE,FALSE,TRUE,TRUE
Airship Port lvl 4,4,16,10,0,0,16,0,0,0,0,0,0,12,4,4,4,0,0,0,0,0,0,0,4,0,0,0,800,FALSE,FALSE,TRUE,TRUE
Airship Port lvl 5,6,18,12,0,0,18,0,0,0,0,0,0,15,5,5,5,0,0,0,0,0,0,0,5,0,0,0,1000,FALSE,FALSE,TRUE,TRUE
Airship Port lvl 6,6,20,14,0,0,20,0,0,0,0,0,0,18,6,6,6,0,0,0,0,0,0,0,6,0,0,0,1200,FALSE,FALSE,TRUE,TRUE
Airship Port lvl 7,6,22,16,0,0,22,0,0,0,0,0,0,21,7,7,7,0,0,0,0,0,0,0,7,0,0,0,1400,FALSE,FALSE,TRUE,TRUE
Airship Port lvl 8,6,24,18,0,0,24,0,0,0,0,0,0,24,8,8,8,0,0,0,0,0,0,0,8,0,0,0,1600,FALSE,FALSE,TRUE,TRUE
Airship Port lvl 9,6,26,20,0,0,26,0,0,0,0,0,0,27,9,9,9,0,0,0,0,0,0,0,9,0,0,0,1800,FALSE,FALSE,TRUE,TRUE
Airship Port lvl 10,8,28,22,0,0,28,0,0,0,0,0,0,30,10,10,10,0,0,0,0,0,0,0,10,0,0,0,2000,FALSE,FALSE,TRUE,TRUE
Alchemy Laboratory lvl 1,2,2,3,2,0,3,0,0,0,0,0,0,0,1,0,0,0,1,0,0,0,0,0,0,0,0,0,200,FALSE,FALSE,FALSE,TRUE
Alchemy Laboratory lvl 2,2,3,4,3,0,4,0,0,0,0,0,0,0,2,0,0,0,2,0,0,0,0,0,0,0,0,0,400,FALSE,FALSE,FALSE,TRUE
Alchemy Laboratory lvl 3,2,4,5,4,0,5,0,0,0,0,0,0,0,3,0,0,0,3,0,0,0,0,0,0,0,0,0,600,FALSE,FALSE,FALSE,TRUE
Alchemy Laboratory lvl 4,2,5,6,5,0,6,0,0,0,0,0,0,0,4,0,0,0,4,0,0,0,0,0,0,0,0,0,800,FALSE,FALSE,FALSE,TRUE
Alchemy Laboratory lvl 5,3,6,7,6,0,7,0,0,0,0,0,0,0,5,0,0,0,5,0,0,0,0,0,0,0,0,0,1000,FALSE,FALSE,FALSE,TRUE
Alchemy Laboratory lvl 6,3,7,8,7,0,8,0,0,0,0,0,0,0,6,0,0,0,6,0,0,0,0,0,0,0,0,0,1200,FALSE,FALSE,FALSE,TRUE
Alchemy Laboratory lvl 7,3,8,9,8,0,9,0,0,0,0,0,0,0,7,0,0,0,7,0,0,0,0,0,0,0,0,0,1400,FALSE,FALSE,FALSE,TRUE
Alchemy Laboratory lvl 8,3,9,10,9,0,10,0,0,0,0,0,0,0,8,0,0,0,8,0,0,0,0,0,0,0,0,0,1600,FALSE,FALSE,FALSE,TRUE
Alchemy Laboratory lvl 9,3,10,11,10,0,11,0,0,0,0,0,0,0,9,0,0,0,9,0,0,0,0,0,0,0,0,0,1800,FALSE,FALSE,FALSE,TRUE
Alchemy Laboratory lvl 10,4,11,12,11,0,12,0,0,0,0,0,0,0,10,0,0,0,10,0,0,0,0,0,0,0,0,0,2000,FALSE,FALSE,FALSE,TRUE
Archery Range lvl 1,1,2,0,2,0,5,0,0,0,0,0,0,0,1,0,0,0,1,0,0,0,0,0,0,0,0,0,200,FALSE,FALSE,FALSE,TRUE
Archery Range lvl 2,1,3,0,3,0,6,0,0,0,0,0,0,0,2,0,0,0,2,0,0,0,0,0,0,0,0,0,400,FALSE,FALSE,FALSE,TRUE
Archery Range lvl 3,1,4,0,4,0,7,0,0,0,0,0,0,0,3,0,0,0,3,0,0,0,0,0,0,0,0,0,600,FALSE,FALSE,FALSE,TRUE
Archery Range lvl 4,1,5,0,5,0,8,0,0,0,0,0,0,0,4,0,0,0,4,0,0,0,0,0,0,0,0,0,800,FALSE,FALSE,FALSE,TRUE
Archery Range lvl 5,2,6,0,6,0,9,0,0,0,0,0,0,0,5,0,0,0,5,0,0,0,0,0,0,0,0,0,1000,FALSE,FALSE,FALSE,TRUE
Archery Range lvl 6,2,7,0,7,0,10,0,0,0,0,0,0,0,6,0,0,0,6,0,0,0,0,0,0,0,0,0,1200,FALSE,FALSE,FALSE,TRUE
Archery Range lvl 7,2,8,0,8,0,11,0,0,0,0,0,0,0,7,0,0,0,7,0,0,0,0,0,0,0,0,0,1400,FALSE,FALSE,FALSE,TRUE
Archery Range lvl 8,2,9,0,9,0,12,0,0,0,0,0,0,0,8,0,0,0,8,0,0,0,0,0,0,0,0,0,1600,FALSE,FALSE,FALSE,TRUE
Archery Range lvl 9,2,10,0,10,0,13,0,0,0,0,0,0,0,9,0,0,0,9,0,0,0,0,0,0,0,0,0,1800,FALSE,FALSE,FALSE,TRUE
Archery Range lvl 10,3,11,0,11,0,14,0,0,0,0,0,0,0,10,0,0,0,10,0,0,0,0,0,0,0,0,0,2000,FALSE,FALSE,FALSE,TRUE
Archive lvl 1,4,3,4,3,0,4,0,0,0,0,0,0,0,0,1,1,0,1,0,0,0,0,0,0,0,0,0,200,FALSE,FALSE,FALSE,TRUE
Archive lvl 2,4,4,5,4,0,5,0,0,0,0,0,0,0,0,2,2,0,2,0,0,0,0,0,0,0,0,0,400,FALSE,FALSE,FALSE,TRUE
Archive lvl 3,4,5,6,5,0,6,0,0,0,0,0,0,0,0,3,3,0,3,0,0,0,0,0,0,0,0,0,600,FALSE,FALSE,FALSE,TRUE
Archive lvl 4,4,6,7,6,0,7,0,0,0,0,0,0,0,0,4,4,0,4,0,0,0,0,0,0,0,0,0,800,FALSE,FALSE,FALSE,TRUE
Archive lvl 5,4,7,8,7,0,8,0,0,0,0,0,0,0,0,5,5,0,5,0,0,0,0,0,0,0,0,0,1000,FALSE,FALSE,FALSE,TRUE
Archive lvl 6,4,8,9,8,0,9,0,0,0,0,0,0,0,0,6,6,0,6,0,0,0,0,0,0,0,0,0,1200,FALSE,FALSE,FALSE,TRUE
Archive lvl 7,4,9,10,9,0,10,0,0,0,0,0,0,0,0,7,7,0,7,0,0,0,0,0,0,0,0,0,1400,FALSE,FALSE,FALSE,TRUE
Archive lvl 8,4,10,11,10,0,11,0,0,0,0,0,0,0,0,8,8,0,8,0,0,0,0,0,0,0,0,0,1600,FALSE,FALSE,FALSE,TRUE
Archive lvl 9,4,11,12,11,0,12,0,0,0,0,0,0,0,0,9,9,0,9,0,0,0,0,0,0,0,0,0,1800,FALSE,FALSE,FALSE,TRUE
Archive lvl 10,4,12,13,12,0,13,0,0,0,0,0,0,0,0,10,10,0,10,0,0,0,0,0,0,0,0,0,2000,FALSE,FALSE,FALSE,TRUE
Arena lvl 1,1,2,1,0,0,2,1,0,0,0,0,0,0,1,0,0,0,1,0,0,0,1,0,0,1,0,0,200,FALSE,FALSE,TRUE,FALSE
Arena lvl 2,1,3,2,0,0,3,2,0,0,0,0,0,0,2,0,0,0,2,0,0,0,2,0,0,2,0,0,400,FALSE,FALSE,TRUE,FALSE
Arena lvl 3,1,4,3,0,0,4,3,0,0,0,0,0,0,3,0,0,0,3,0,0,0,3,0,0,3,0,0,600,FALSE,FALSE,TRUE,FALSE
Arena lvl 4,1,5,4,0,0,5,4,0,0,0,0,0,0,4,0,0,0,4,0,0,0,4,0,0,4,0,0,800,FALSE,FALSE,TRUE,FALSE
Arena lvl 5,2,6,5,0,0,6,5,0,0,0,0,0,0,5,0,0,0,5,0,0,0,5,0,0,5,0,0,1000,FALSE,FALSE,TRUE,FALSE
Arena lvl 6,2,7,6,0,0,7,6,0,0,0,0,0,0,6,0,0,0,6,0,0,0,6,0,0,6,0,0,1200,FALSE,FALSE,TRUE,FALSE
Arena lvl 7,2,8,7,0,0,8,7,0,0,0,0,0,0,7,0,0,0,7,0,0,0,7,0,0,7,0,0,1400,FALSE,FALSE,TRUE,FALSE
Arena lvl 8,2,9,8,0,0,9,8,0,0,0,0,0,0,8,0,0,0,8,0,0,0,8,0,0,8,0,0,1600,FALSE,FALSE,TRUE,FALSE
Arena lvl 9,2,10,9,0,0,10,9,0,0,0,0,0,0,9,0,0,0,9,0,0,0,9,0,0,9,0,0,1800,FALSE,FALSE,TRUE,FALSE
Arena lvl 10,3,11,10,0,0,11,10,0,0,0,0,0,0,10,0,0,0,10,0,0,0,10,0,0,10,0,0,2000,FALSE,FALSE,TRUE,FALSE
Armorsmith lvl 1,2,2,3,4,0,3,0,0,0,0,0,0,0,1,0,1,0,0,0,0,0,0,0,0,0,0,0,200,FALSE,FALSE,FALSE,TRUE
Armorsmith lvl 2,2,3,4,5,0,4,0,0,0,0,0,0,0,2,0,2,0,0,0,0,0,0,0,0,0,0,0,400,FALSE,FALSE,FALSE,TRUE
Armorsmith lvl 3,2,4,5,6,0,5,0,0,0,0,0,0,0,3,0,3,0,0,0,0,0,0,0,0,0,0,0,600,FALSE,FALSE,FALSE,TRUE
Armorsmith lvl 4,2,5,6,7,0,6,0,0,0,0,0,0,0,4,0,4,0,0,0,0,0,0,0,0,0,0,0,800,FALSE,FALSE,FALSE,TRUE
Armorsmith lvl 5,3,6,7,8,0,7,0,0,0,0,0,0,0,5,0,5,0,0,0,0,0,0,0,0,0,0,0,1000,FALSE,FALSE,FALSE,TRUE
Armorsmith lvl 6,3,7,8,9,0,8,0,0,0,0,0,0,0,6,0,6,0,0,0,0,0,0,0,0,0,0,0,1200,FALSE,FALSE,FALSE,TRUE
Armorsmith lvl 7,3,8,9,10,0,9,0,0,0,0,0,0,0,7,0,7,0,0,0,0,0,0,0,0,0,0,0,1400,FALSE,FALSE,FALSE,TRUE
Armorsmith lvl 8,3,9,10,11,0,10,0,0,0,0,0,0,0,8,0,8,0,0,0,0,0,0,0,0,0,0,0,1600,FALSE,FALSE,FALSE,TRUE
Armorsmith lvl 9,3,10,11,12,0,11,0,0,0,0,0,0,0,9,0,9,0,0,0,0,0,0,0,0,0,0,0,1800,FALSE,FALSE,FALSE,TRUE
Armorsmith lvl 10,4,11,12,13,0,12,0,0,0,0,0,0,0,10,0,10,0,0,0,0,0,0,0,0,0,0,0,2000,FALSE,FALSE,FALSE,TRUE
Basic Mine lvl 1,1,2,2,1,0,0,0,0,0,5,0,0,0,0,0,0,0,0,0,0,0,0,0,0,0,0,0,100,TRUE,TRUE,TRUE,TRUE
Basic Mine lvl 2,1,3,3,2,0,0,0,0,0,10,0,0,0,0,2,0,0,0,0,0,0,0,0,0,0,0,0,200,TRUE,TRUE,TRUE,TRUE
Basic Mine lvl 3,1,4,4,6,0,0,0,0,0,15,0,0,0,0,3,0,0,0,0,0,0,0,0,0,0,0,0,300,TRUE,TRUE,TRUE,TRUE
Basic Mine lvl 4,1,5,5,4,0,0,0,0,0,20,0,0,0,0,4,0,0,0,0,0,0,0,0,0,0,0,0,400,TRUE,TRUE,TRUE,TRUE
Basic Mine lvl 5,2,6,6,5,0,0,0,0,0,25,0,0,0,0,5,0,0,0,0,0,0,0,0,0,0,0,0,500,TRUE,TRUE,TRUE,TRUE
Basic Mine lvl 6,2,7,7,6,0,0,0,0,0,30,0,0,0,0,6,0,0,0,0,0,0,0,0,0,0,0,0,600,TRUE,TRUE,TRUE,TRUE
Basic Mine lvl 7,2,8,8,7,0,0,0,0,0,35,0,0,0,0,7,0,0,0,0,0,0,0,0,0,0,0,0,700,TRUE,TRUE,TRUE,TRUE
Basic Mine lvl 8,2,9,9,8,0,0,0,0,0,40,0,0,0,0,8,0,0,0,0,0,0,0,0,0,0,0,0,800,TRUE,TRUE,TRUE,TRUE
Basic Mine lvl 9,2,10,10,9,0,0,0,0,0,45,0,0,0,0,9,0,0,0,0,0,0,0,0,0,0,0,0,900,TRUE,TRUE,TRUE,TRUE
Basic Mine lvl 10,3,11,11,10,0,0,0,0,0,50,0,0,0,0,10,0,0,0,0,0,0,0,0,0,0,0,0,1000,TRUE,TRUE,TRUE,TRUE
Brewery lvl 1,1,2,4,0,0,2,0,0,0,0,0,0,0,1,0,0,0,0,0,0,0,1,0,0,0,1,0,200,FALSE,FALSE,TRUE,FALSE
Brewery lvl 2,1,3,5,0,0,3,0,0,0,0,0,0,0,2,0,0,0,0,0,0,0,2,0,0,0,2,0,400,FALSE,FALSE,TRUE,FALSE
Brewery lvl 3,1,4,6,0,0,4,0,0,0,0,0,0,0,3,0,0,0,0,0,0,0,3,0,0,0,3,0,600,FALSE,FALSE,TRUE,FALSE
Brewery lvl 4,1,5,7,0,0,5,0,0,0,0,0,0,0,4,0,0,0,0,0,0,0,4,0,0,0,4,0,800,FALSE,FALSE,TRUE,FALSE
Brewery lvl 5,2,6,8,0,0,6,0,0,0,0,0,0,0,5,0,0,0,0,0,0,0,5,0,0,0,5,0,1000,FALSE,FALSE,TRUE,FALSE
Brewery lvl 6,2,7,9,0,0,7,0,0,0,0,0,0,0,6,0,0,0,0,0,0,0,6,0,0,0,6,0,1200,FALSE,FALSE,TRUE,FALSE
Brewery lvl 7,2,8,10,0,0,8,0,0,0,0,0,0,0,7,0,0,0,0,0,0,0,7,0,0,0,7,0,1400,FALSE,FALSE,TRUE,FALSE
Brewery lvl 8,2,9,11,0,0,9,0,0,0,0,0,0,0,8,0,0,0,0,0,0,0,8,0,0,0,8,0,1600,FALSE,FALSE,TRUE,FALSE
Brewery lvl 9,2,10,12,0,0,10,0,0,0,0,0,0,0,9,0,0,0,0,0,0,0,9,0,0,0,9,0,1800,FALSE,FALSE,TRUE,FALSE
Brewery lvl 10,3,11,13,0,0,11,0,0,0,0,0,0,0,10,0,0,0,0,0,0,0,10,0,0,0,10,0,2000,FALSE,FALSE,TRUE,FALSE
Casino lvl 1,2,4,4,2,0,4,0,0,0,0,0,0,5,2,2,0,0,1,0,0,0,1,0,0,0,1,0,200,FALSE,FALSE,TRUE,FALSE
Casino lvl 2,2,5,5,3,0,5,0,0,0,0,0,0,10,3,3,0,0,2,0,0,0,2,0,0,0,2,0,400,FALSE,FALSE,TRUE,FALSE
Casino lvl 3,2,6,6,4,0,6,0,0,0,0,0,0,15,4,4,0,0,3,0,0,0,3,0,0,0,3,0,600,FALSE,FALSE,TRUE,FALSE
Casino lvl 4,2,7,7,5,0,7,0,0,0,0,0,0,20,5,5,0,0,4,0,0,0,4,0,0,0,4,0,800,FALSE,FALSE,TRUE,FALSE
Casino lvl 5,3,8,8,6,0,8,0,0,0,0,0,0,25,6,6,0,0,5,0,0,0,5,0,0,0,5,0,1000,FALSE,FALSE,TRUE,FALSE
Casino lvl 6,3,9,9,7,0,9,0,0,0,0,0,0,30,7,7,0,0,6,0,0,0,6,0,0,0,6,0,1200,FALSE,FALSE,TRUE,FALSE
Casino lvl 7,3,10,10,8,0,10,0,0,0,0,0,0,35,8,8,0,0,7,0,0,0,7,0,0,0,7,0,1400,FALSE,FALSE,TRUE,FALSE
Casino lvl 8,3,11,11,9,0,11,0,0,0,0,0,0,40,9,9,0,0,8,0,0,0,8,0,0,0,8,0,1600,FALSE,FALSE,TRUE,FALSE
Casino lvl 9,3,12,12,10,0,12,0,0,0,0,0,0,45,10,10,0,0,9,0,0,0,9,0,0,0,9,0,1800,FALSE,FALSE,TRUE,FALSE
Casino lvl 10,4,13,13,11,0,13,0,0,0,0,0,0,50,11,11,0,0,10,0,0,0,10,0,0,0,10,0,2000,FALSE,FALSE,TRUE,FALSE
Chapter House lvl 1,4,0,2,2,0,6,3,0,0,0,0,0,0,0,0,0,0,2,1,0,0,0,0,0,0,0,0,200,FALSE,FALSE,FALSE,TRUE
Chapter House lvl 2,4,0,3,3,0,7,4,0,0,0,0,0,0,0,0,0,0,3,2,0,0,0,0,0,0,0,0,400,FALSE,FALSE,FALSE,TRUE
Chapter House lvl 3,4,0,4,4,0,8,5,0,0,0,0,0,0,0,0,0,0,4,3,0,0,0,0,0,0,0,0,600,FALSE,FALSE,FALSE,TRUE
Chapter House lvl 4,4,0,5,5,0,9,6,0,0,0,0,0,0,0,0,0,0,5,4,0,0,0,0,0,0,0,0,800,FALSE,FALSE,FALSE,TRUE
Chapter House lvl 5,4,0,6,6,0,10,7,0,0,0,0,0,0,0,0,0,0,6,5,0,0,0,0,0,0,0,0,1000,FALSE,FALSE,FALSE,TRUE
Chapter House lvl 6,4,0,7,7,0,11,8,0,0,0,0,0,0,0,0,0,0,7,6,0,0,0,0,0,0,0,0,1200,FALSE,FALSE,FALSE,TRUE
Chapter House lvl 7,4,0,8,8,0,12,9,0,0,0,0,0,0,0,0,0,0,8,7,0,0,0,0,0,0,0,0,1400,FALSE,FALSE,FALSE,TRUE
Chapter House lvl 8,4,0,9,9,0,13,10,0,0,0,0,0,0,0,0,0,0,9,8,0,0,0,0,0,0,0,0,1600,FALSE,FALSE,FALSE,TRUE
Chapter House lvl 9,4,0,10,10,0,14,11,0,0,0,0,0,0,0,0,0,0,10,9,0,0,0,0,0,0,0,0,1800,FALSE,FALSE,FALSE,TRUE
Chapter House lvl 10,4,0,11,11,0,15,12,0,0,0,0,0,0,0,0,0,0,11,10,0,0,0,0,0,0,0,0,2000,FALSE,FALSE,FALSE,TRUE
Crypt lvl 1,1,0,2,0,0,2,0,0,0,0,0,0,0,0,1,0,0,0,0,0,0,1,0,0,0,0,0,100,TRUE,FALSE,TRUE,TRUE
Crypt lvl 2,1,0,3,0,0,3,0,0,0,0,0,0,0,0,2,0,0,0,0,0,0,2,0,0,0,0,0,200,TRUE,FALSE,TRUE,TRUE
Crypt lvl 3,1,0,4,0,0,4,0,0,0,0,0,0,0,0,3,0,0,0,0,0,0,3,0,0,0,0,0,300,TRUE,FALSE,TRUE,TRUE
Crypt lvl 4,1,0,5,0,0,5,0,0,0,0,0,0,0,0,4,0,0,0,0,0,0,4,0,0,0,0,0,400,TRUE,FALSE,TRUE,TRUE
Crypt lvl 5,2,0,6,0,0,6,0,0,0,0,0,0,0,0,5,0,0,0,0,0,0,5,0,0,0,0,0,500,TRUE,FALSE,TRUE,TRUE
Crypt lvl 6,2,0,7,0,0,7,0,0,0,0,0,0,0,0,6,0,0,0,0,0,0,6,0,0,0,0,0,600,TRUE,FALSE,TRUE,TRUE
Crypt lvl 7,2,0,8,0,0,8,0,0,0,0,0,0,0,0,7,0,0,0,0,0,0,7,0,0,0,0,0,700,TRUE,FALSE,TRUE,TRUE
Crypt lvl 8,2,0,9,0,0,9,0,0,0,0,0,0,0,0,8,0,0,0,0,0,0,8,0,0,0,0,0,800,TRUE,FALSE,TRUE,TRUE
Crypt lvl 9,2,0,10,0,0,10,0,0,0,0,0,0,0,0,9,0,0,0,0,0,0,9,0,0,0,0,0,900,TRUE,FALSE,TRUE,TRUE
Crypt lvl 10,3,0,11,0,0,11,0,0,0,0,0,0,0,0,10,0,0,0,0,0,0,10,0,0,0,0,0,1000,TRUE,FALSE,TRUE,TRUE
Engineer's Workshop lvl 1,2,3,3,5,0,3,0,0,0,0,0,0,0,0,2,0,0,2,0,0,0,0,0,0,0,0,0,200,FALSE,FALSE,FALSE,TRUE
Engineer's Workshop lvl 2,2,4,4,6,0,4,0,0,0,0,0,0,0,0,4,0,0,4,0,0,0,0,0,0,0,0,0,400,FALSE,FALSE,FALSE,TRUE
Engineer's Workshop lvl 3,2,5,5,7,0,5,0,0,0,0,0,0,0,0,6,0,0,6,0,0,0,0,0,0,0,0,0,600,FALSE,FALSE,FALSE,TRUE
Engineer's Workshop lvl 4,2,6,6,8,0,6,0,0,0,0,0,0,0,0,8,0,0,8,0,0,0,0,0,0,0,0,0,800,FALSE,FALSE,FALSE,TRUE
Engineer's Workshop lvl 5,3,7,7,9,0,7,0,0,0,0,0,0,0,0,10,0,0,10,0,0,0,0,0,0,0,0,0,1000,FALSE,FALSE,FALSE,TRUE
Engineer's Workshop lvl 6,3,8,8,10,0,8,0,0,0,0,0,0,0,0,12,0,0,12,0,0,0,0,0,0,0,0,0,1200,FALSE,FALSE,FALSE,TRUE
Engineer's Workshop lvl 7,3,9,9,11,0,9,0,0,0,0,0,0,0,0,14,0,0,14,0,0,0,0,0,0,0,0,0,1400,FALSE,FALSE,FALSE,TRUE
Engineer's Workshop lvl 8,3,10,10,12,0,10,0,0,0,0,0,0,0,0,16,0,0,16,0,0,0,0,0,0,0,0,0,1600,FALSE,FALSE,FALSE,TRUE
Engineer's Workshop lvl 9,3,11,11,13,0,11,0,0,0,0,0,0,0,0,18,0,0,18,0,0,0,0,0,0,0,0,0,1800,FALSE,FALSE,FALSE,TRUE
Engineer's Workshop lvl 10,4,12,12,14,0,12,0,0,0,0,0,0,0,0,20,0,0,20,0,0,0,0,0,0,0,0,0,2000,FALSE,FALSE,FALSE,TRUE
Farm lvl 1,1,1,1,1,0,0,0,0,0,0,5,0,0,0,0,0,0,0,0,0,0,0,0,0,0,0,0,100,TRUE,TRUE,TRUE,TRUE
Farm lvl 2,1,2,2,2,0,0,0,0,0,0,10,0,0,0,0,2,0,0,0,0,0,0,0,0,0,0,0,200,TRUE,TRUE,TRUE,TRUE
Farm lvl 3,1,3,3,3,0,0,0,0,0,0,15,0,0,0,0,3,0,0,0,0,0,0,0,0,0,0,0,300,TRUE,TRUE,TRUE,TRUE
Farm lvl 4,1,4,4,4,0,0,0,0,0,0,20,0,0,0,0,4,0,0,0,0,0,0,0,0,0,0,0,400,TRUE,TRUE,TRUE,TRUE
Farm lvl 5,2,5,5,5,0,0,0,0,0,0,25,0,0,0,0,5,0,0,0,0,0,0,0,0,0,0,0,500,TRUE,TRUE,TRUE,TRUE
Farm lvl 6,2,6,6,6,0,0,0,0,0,0,30,0,0,0,0,6,0,0,0,0,0,0,0,0,0,0,0,600,TRUE,TRUE,TRUE,TRUE
Farm lvl 7,2,7,7,7,0,0,0,0,0,0,35,0,0,0,0,7,0,0,0,0,0,0,0,0,0,0,0,700,TRUE,TRUE,TRUE,TRUE
Farm lvl 8,2,8,8,8,0,0,0,0,0,0,40,0,0,0,0,8,0,0,0,0,0,0,0,0,0,0,0,800,TRUE,TRUE,TRUE,TRUE
Farm lvl 9,2,9,9,9,0,0,0,0,0,0,45,0,0,0,0,9,0,0,0,0,0,0,0,0,0,0,0,900,TRUE,TRUE,TRUE,TRUE
Farm lvl 10,3,10,10,10,0,0,0,0,0,0,50,0,0,0,0,10,0,0,0,0,0,0,0,0,0,0,0,1000,TRUE,TRUE,TRUE,TRUE
Fishing Camp lvl 1,1,1,1,1,0,0,0,0,0,0,5,0,0,0,0,0,0,0,0,0,0,0,0,0,0,0,0,100,TRUE,TRUE,TRUE,TRUE
Fishing Camp lvl 2,1,2,2,2,0,0,0,0,0,0,10,0,0,0,0,2,0,0,0,0,0,0,0,0,0,0,0,200,TRUE,TRUE,TRUE,TRUE
Fishing Camp lvl 3,1,3,3,3,0,0,0,0,0,0,15,0,0,0,0,3,0,0,0,0,0,0,0,0,0,0,0,300,TRUE,TRUE,TRUE,TRUE
Fishing Camp lvl 4,1,4,4,4,0,0,0,0,0,0,20,0,0,0,0,4,0,0,0,0,0,0,0,0,0,0,0,400,TRUE,TRUE,TRUE,TRUE
Fishing Camp lvl 5,2,5,5,5,0,0,0,0,0,0,25,0,0,0,0,5,0,0,0,0,0,0,0,0,0,0,0,500,TRUE,TRUE,TRUE,TRUE
Fishing Camp lvl 6,2,6,6,6,0,0,0,0,0,0,30,0,0,0,0,6,0,0,0,0,0,0,0,0,0,0,0,600,TRUE,TRUE,TRUE,TRUE
Fishing Camp lvl 7,2,7,7,7,0,0,0,0,0,0,35,0,0,0,0,7,0,0,0,0,0,0,0,0,0,0,0,700,TRUE,TRUE,TRUE,TRUE
Fishing Camp lvl 8,2,8,8,8,0,0,0,0,0,0,40,0,0,0,0,8,0,0,0,0,0,0,0,0,0,0,0,800,TRUE,TRUE,TRUE,TRUE
Fishing Camp lvl 9,2,9,9,9,0,0,0,0,0,0,45,0,0,0,0,9,0,0,0,0,0,0,0,0,0,0,0,900,TRUE,TRUE,TRUE,TRUE
Fishing Camp lvl 10,3,10,10,10,0,0,0,0,0,0,50,0,0,0,0,10,0,0,0,0,0,0,0,0,0,0,0,1000,TRUE,TRUE,TRUE,TRUE
Focusing Array lvl 1,2,2,2,5,0,4,0,0,0,0,0,0,0,0,0,2,0,2,0,0,0,0,0,0,0,0,0,200,FALSE,FALSE,TRUE,TRUE
Focusing Array lvl 2,2,3,3,6,0,5,0,0,0,0,0,0,0,0,0,4,0,4,0,0,0,0,0,0,0,0,0,400,FALSE,FALSE,TRUE,TRUE
Focusing Array lvl 3,2,4,4,7,0,6,0,0,0,0,0,0,0,0,0,6,0,6,0,0,0,0,0,0,0,0,0,600,FALSE,FALSE,TRUE,TRUE
Focusing Array lvl 4,2,5,5,8,0,7,0,0,0,0,0,0,0,0,0,8,0,8,0,0,0,0,0,0,0,0,0,800,FALSE,FALSE,TRUE,TRUE
Focusing Array lvl 5,4,6,6,9,0,8,0,0,0,0,0,0,0,0,0,10,0,10,0,0,0,0,0,0,0,0,0,1000,FALSE,FALSE,TRUE,TRUE
Focusing Array lvl 6,4,7,7,10,0,9,0,0,0,0,0,0,0,0,0,12,0,12,0,0,0,0,0,0,0,0,0,1200,FALSE,FALSE,TRUE,TRUE
Focusing Array lvl 7,4,8,8,11,0,10,0,0,0,0,0,0,0,0,0,14,0,14,0,0,0,0,0,0,0,0,0,1400,FALSE,FALSE,TRUE,TRUE
Focusing Array lvl 8,4,9,9,12,0,11,0,0,0,0,0,0,0,0,0,16,0,16,0,0,0,0,0,0,0,0,0,1600,FALSE,FALSE,TRUE,TRUE
Focusing Array lvl 9,4,10,10,13,0,12,0,0,0,0,0,0,0,0,0,18,0,18,0,0,0,0,0,0,0,0,0,1800,FALSE,FALSE,TRUE,TRUE
Focusing Array lvl 10,6,11,11,14,0,13,0,0,0,0,0,0,0,0,0,20,0,20,0,0,0,0,0,0,0,0,0,2000,FALSE,FALSE,TRUE,TRUE
Forge lvl 1,1,3,3,3,0,0,0,0,0,0,0,5,0,1,1,1,0,0,0,0,0,0,0,0,0,0,0,200,FALSE,FALSE,TRUE,TRUE
Forge lvl 2,1,4,4,4,0,0,0,0,0,0,0,10,0,2,2,2,0,0,0,0,0,0,0,0,0,0,0,400,FALSE,FALSE,TRUE,TRUE
Forge lvl 3,1,5,5,5,0,0,0,0,0,0,0,15,0,3,3,3,0,0,0,0,0,0,0,0,0,0,0,600,FALSE,FALSE,TRUE,TRUE
Forge lvl 4,1,6,6,6,0,0,0,0,0,0,0,20,0,4,4,4,0,0,0,0,0,0,0,0,0,0,0,800,FALSE,FALSE,TRUE,TRUE
Forge lvl 5,2,7,7,7,0,1,0,0,0,0,0,25,0,5,5,5,0,0,0,0,0,0,0,0,0,0,0,1000,FALSE,FALSE,TRUE,TRUE
Forge lvl 6,2,8,8,8,0,2,0,0,0,0,0,30,0,6,6,6,0,0,0,0,0,0,0,0,0,0,0,1200,FALSE,FALSE,TRUE,TRUE
Forge lvl 7,2,9,9,9,0,3,0,0,0,0,0,35,0,7,7,7,0,0,0,0,0,0,0,0,0,0,0,1400,FALSE,FALSE,TRUE,TRUE
Forge lvl 8,2,10,10,10,0,4,0,0,0,0,0,40,0,8,8,8,0,0,0,0,0,0,0,0,0,0,0,1600,FALSE,FALSE,TRUE,TRUE
Forge lvl 9,2,11,11,11,0,5,0,0,0,0,0,45,0,9,9,9,0,0,0,0,0,0,0,0,0,0,0,1800,FALSE,FALSE,TRUE,TRUE
Forge lvl 10,3,12,12,12,0,6,0,0,0,0,0,50,0,10,10,10,0,0,0,0,0,0,0,0,0,0,0,2000,FALSE,FALSE,TRUE,TRUE
Garrison lvl 1,1,1,2,1,1,2,0,0,0,0,0,0,0,0,1,0,0,0,0,0,0,0,1,0,0,0,4,200,FALSE,TRUE,TRUE,TRUE
Garrison lvl 2,1,2,3,2,2,3,0,0,0,0,0,0,0,0,2,0,0,0,0,0,0,0,2,0,0,0,8,400,FALSE,TRUE,TRUE,TRUE
Garrison lvl 3,1,3,4,3,3,4,0,0,0,0,0,0,0,0,3,0,0,0,0,0,0,0,3,0,0,0,12,600,FALSE,TRUE,TRUE,TRUE
Garrison lvl 4,1,4,5,4,4,5,0,0,0,0,0,0,0,0,4,0,0,0,0,0,0,0,4,0,0,0,16,800,FALSE,TRUE,TRUE,TRUE
Garrison lvl 5,2,5,6,5,5,6,0,0,0,0,0,0,0,0,5,0,0,1,0,0,0,0,5,0,0,0,20,1000,FALSE,TRUE,TRUE,TRUE
Garrison lvl 6,2,6,7,6,6,7,0,0,0,0,0,0,0,0,6,0,0,2,0,0,0,0,6,0,0,0,24,1200,FALSE,TRUE,TRUE,TRUE
Garrison lvl 7,2,7,8,7,7,8,0,0,0,0,0,0,0,0,7,0,0,3,0,0,0,0,7,0,0,0,28,1400,FALSE,TRUE,TRUE,TRUE
Garrison lvl 8,2,8,9,8,8,9,0,0,0,0,0,0,0,0,8,0,0,4,0,0,0,0,8,0,0,0,32,1600,FALSE,TRUE,TRUE,TRUE
Garrison lvl 9,2,9,10,9,9,10,0,0,0,0,0,0,0,0,9,0,0,5,0,0,0,0,9,0,0,0,36,1800,FALSE,TRUE,TRUE,TRUE
Garrison lvl 10,3,10,11,10,10,11,0,0,0,0,0,0,0,0,10,0,0,6,0,0,0,0,10,0,0,0,40,2000,FALSE,TRUE,TRUE,TRUE
Grand Library lvl 1,2,5,5,2,5,5,2,0,0,0,0,0,0,0,1,1,0,1,0,0,2,0,0,0,0,0,0,200,FALSE,FALSE,TRUE,FALSE
Grand Library lvl 2,2,6,6,3,6,6,3,0,0,0,0,0,0,0,2,2,0,2,0,0,3,0,0,0,0,0,0,400,FALSE,FALSE,TRUE,FALSE
Grand Library lvl 3,2,7,7,4,7,7,4,0,0,0,0,0,0,0,3,3,0,3,0,0,4,0,0,0,0,0,0,600,FALSE,FALSE,TRUE,FALSE
Grand Library lvl 4,2,8,8,5,8,8,5,0,0,0,0,0,0,0,4,4,0,4,0,0,5,0,0,0,0,0,0,800,FALSE,FALSE,TRUE,FALSE
Grand Library lvl 5,4,9,9,6,9,9,6,0,0,0,0,0,0,0,5,5,0,5,0,0,6,0,0,0,0,0,0,1000,FALSE,FALSE,TRUE,FALSE
Grand Library lvl 6,4,10,10,7,10,10,7,0,0,0,0,0,0,0,6,6,0,6,0,0,7,0,0,0,0,0,0,1200,FALSE,FALSE,TRUE,FALSE
Grand Library lvl 7,4,11,11,8,11,11,8,0,0,0,0,0,0,0,7,7,0,7,0,0,8,0,0,0,0,0,0,1400,FALSE,FALSE,TRUE,FALSE
Grand Library lvl 8,4,12,12,9,12,12,9,0,0,0,0,0,0,0,8,8,0,8,0,0,9,0,0,0,0,0,0,1600,FALSE,FALSE,TRUE,FALSE
Grand Library lvl 9,4,13,13,10,13,13,10,0,0,0,0,0,0,0,9,9,0,9,0,0,10,0,0,0,0,0,0,1800,FALSE,FALSE,TRUE,FALSE
Grand Library lvl 10,4,14,14,11,14,14,11,0,0,0,0,0,0,0,10,10,0,10,0,0,11,0,0,0,0,0,0,2000,FALSE,FALSE,TRUE,FALSE
Harbor lvl 1,2,5,2,0,0,5,0,0,0,0,0,0,3,1,1,1,0,0,0,0,0,0,0,1,0,0,0,200,FALSE,FALSE,TRUE,TRUE
Harbor lvl 2,2,6,3,0,0,6,0,0,0,0,0,0,6,2,2,2,0,0,0,0,0,0,0,2,0,0,0,400,FALSE,FALSE,TRUE,TRUE
Harbor lvl 3,2,7,4,0,0,7,0,0,0,0,0,0,9,3,3,3,0,0,0,0,0,0,0,3,0,0,0,600,FALSE,FALSE,TRUE,TRUE
Harbor lvl 4,2,8,5,0,0,8,0,0,0,0,0,0,12,4,4,4,0,0,0,0,0,0,0,4,0,0,0,800,FALSE,FALSE,TRUE,TRUE
Harbor lvl 5,3,9,6,0,0,9,0,0,0,0,0,0,15,5,5,5,0,0,0,0,0,0,0,5,0,0,0,1000,FALSE,FALSE,TRUE,TRUE
Harbor lvl 6,3,10,7,0,0,10,0,0,0,0,0,0,18,6,6,6,0,0,0,0,0,0,0,6,0,0,0,1200,FALSE,FALSE,TRUE,TRUE
Harbor lvl 7,3,11,8,0,0,11,0,0,0,0,0,0,21,7,7,7,0,0,0,0,0,0,0,7,0,0,0,1400,FALSE,FALSE,TRUE,TRUE
Harbor lvl 8,3,12,9,0,0,12,0,0,0,0,0,0,24,8,8,8,0,0,0,0,0,0,0,8,0,0,0,1600,FALSE,FALSE,TRUE,TRUE
Harbor lvl 9,3,13,10,0,0,13,0,0,0,0,0,0,27,9,9,9,0,0,0,0,0,0,0,9,0,0,0,1800,FALSE,FALSE,TRUE,TRUE
Harbor lvl 10,4,14,11,0,0,14,0,0,0,0,0,0,30,10,10,10,0,0,0,0,0,0,0,10,0,0,0,2000,FALSE,FALSE,TRUE,TRUE
Leyline Observation Tower lvl 1,2,4,4,6,0,2,0,0,0,0,0,0,0,1,1,0,0,1,0,0,0,0,1,0,0,0,0,100,TRUE,TRUE,TRUE,TRUE
Leyline Observation Tower lvl 2,2,5,5,7,0,3,0,0,0,0,0,0,0,2,2,0,0,2,0,0,0,0,2,0,0,0,0,200,TRUE,TRUE,TRUE,TRUE
Leyline Observation Tower lvl 3,2,6,6,8,0,4,0,0,0,0,0,0,0,3,3,0,0,3,0,0,0,0,3,0,0,0,0,300,TRUE,TRUE,TRUE,TRUE
Leyline Observation Tower lvl 4,2,7,7,9,0,5,0,0,0,0,0,0,0,4,4,0,0,4,0,0,0,0,4,0,0,0,0,400,TRUE,TRUE,TRUE,TRUE
Leyline Observation Tower lvl 5,3,8,8,10,0,6,0,0,0,0,0,0,0,5,5,0,0,5,0,0,0,0,5,0,0,0,0,500,TRUE,TRUE,TRUE,TRUE
Leyline Observation Tower lvl 6,3,9,9,11,0,7,0,0,0,0,0,0,0,6,6,0,0,6,0,0,0,0,6,0,0,0,0,600,TRUE,TRUE,TRUE,TRUE
Leyline Observation Tower lvl 7,3,10,10,12,0,8,0,0,0,0,0,0,0,7,7,0,0,7,0,0,0,0,7,0,0,0,0,700,TRUE,TRUE,TRUE,TRUE
Leyline Observation Tower lvl 8,3,11,11,13,0,9,0,0,0,0,0,0,0,8,8,0,0,8,0,0,0,0,8,0,0,0,0,800,TRUE,TRUE,TRUE,TRUE
Leyline Observation Tower lvl 9,3,12,12,14,0,10,0,0,0,0,0,0,0,9,9,0,0,9,0,0,0,0,9,0,0,0,0,900,TRUE,TRUE,TRUE,TRUE
Leyline Observation Tower lvl 10,4,13,13,15,0,11,0,0,0,0,0,0,0,10,10,0,0,10,0,0,0,0,10,0,0,0,0,1000,TRUE,TRUE,TRUE,TRUE
Lighthouse lvl 1,2,5,5,0,0,1,0,0,0,0,0,0,0,0,1,0,0,0,0,0,0,0,1,0,0,0,0,100,TRUE,TRUE,TRUE,TRUE
Lighthouse lvl 2,2,6,6,0,0,2,0,0,0,0,0,0,0,0,2,0,0,0,0,0,0,0,2,0,0,0,0,200,TRUE,TRUE,TRUE,TRUE
Lighthouse lvl 3,2,7,7,0,0,3,0,0,0,0,0,0,0,0,3,0,0,0,0,0,0,0,3,0,0,0,0,300,TRUE,TRUE,TRUE,TRUE
Lighthouse lvl 4,2,8,8,0,0,4,0,0,0,0,0,0,0,0,4,0,0,0,0,0,0,0,4,0,0,0,0,400,TRUE,TRUE,TRUE,TRUE
Lighthouse lvl 5,3,9,9,0,0,5,0,0,0,0,0,0,0,0,5,0,0,1,0,0,0,0,5,0,0,0,0,500,TRUE,TRUE,TRUE,TRUE
Lighthouse lvl 6,3,10,10,0,0,6,0,0,0,0,0,0,0,0,6,0,0,2,0,0,0,0,6,0,0,0,0,600,TRUE,TRUE,TRUE,TRUE
Lighthouse lvl 7,3,11,11,0,0,7,0,0,0,0,0,0,0,0,7,0,0,3,0,0,0,0,7,0,0,0,0,700,TRUE,TRUE,TRUE,TRUE
Lighthouse lvl 8,3,12,12,0,0,8,0,0,0,0,0,0,0,0,8,0,0,4,0,0,0,0,8,0,0,0,0,800,TRUE,TRUE,TRUE,TRUE
Lighthouse lvl 9,3,13,13,0,0,9,0,0,0,0,0,0,0,0,9,0,0,5,0,0,0,0,9,0,0,0,0,900,TRUE,TRUE,TRUE,TRUE
Lighthouse lvl 10,4,14,14,0,0,10,0,0,0,0,0,0,0,0,10,0,0,6,0,0,0,0,10,0,0,0,0,1000,TRUE,TRUE,TRUE,TRUE
Lumber Mill lvl 1,1,1,2,2,0,0,0,5,0,0,0,0,0,0,0,0,0,0,0,0,0,0,0,0,0,0,0,100,TRUE,FALSE,TRUE,TRUE
Lumber Mill lvl 2,1,2,3,3,0,0,0,10,0,0,0,0,0,0,0,2,0,0,0,0,0,0,0,0,0,0,0,200,TRUE,FALSE,TRUE,TRUE
Lumber Mill lvl 3,1,3,4,4,0,0,0,15,0,0,0,0,0,0,0,3,0,0,0,0,0,0,0,0,0,0,0,300,TRUE,FALSE,TRUE,TRUE
Lumber Mill lvl 4,1,4,5,5,0,0,0,20,0,0,0,0,0,0,0,4,0,0,0,0,0,0,0,0,0,0,0,400,TRUE,FALSE,TRUE,TRUE
Lumber Mill lvl 5,2,5,6,6,0,0,0,25,0,0,0,0,0,0,0,5,0,0,0,0,0,0,0,0,0,0,0,500,TRUE,FALSE,TRUE,TRUE
Lumber Mill lvl 6,2,6,7,7,0,0,0,30,0,0,0,0,0,0,0,6,0,0,0,0,0,0,0,0,0,0,0,600,TRUE,FALSE,TRUE,TRUE
Lumber Mill lvl 7,2,7,8,8,0,0,0,35,0,0,0,0,0,0,0,7,0,0,0,0,0,0,0,0,0,0,0,700,TRUE,FALSE,TRUE,TRUE
Lumber Mill lvl 8,2,8,9,9,0,0,0,40,0,0,0,0,0,0,0,8,0,0,0,0,0,0,0,0,0,0,0,800,TRUE,FALSE,TRUE,TRUE
Lumber Mill lvl 9,2,9,10,10,0,0,0,45,0,0,0,0,0,0,0,9,0,0,0,0,0,0,0,0,0,0,0,900,TRUE,FALSE,TRUE,TRUE
Lumber Mill lvl 10,3,10,11,11,0,0,0,50,0,0,0,0,0,0,0,10,0,0,0,0,0,0,0,0,0,0,0,1000,TRUE,FALSE,TRUE,TRUE
Mage's Tower lvl 1,2,5,2,2,0,2,0,0,0,0,0,0,0,1,1,1,0,0,0,0,0,0,0,0,0,0,0,200,FALSE,FALSE,FALSE,TRUE
Mage's Tower lvl 2,2,6,3,3,0,3,0,0,0,0,0,0,0,2,2,2,0,0,0,0,0,0,0,0,0,0,0,400,FALSE,FALSE,FALSE,TRUE
Mage's Tower lvl 3,2,7,4,4,0,4,0,0,0,0,0,0,0,3,3,3,0,0,0,0,0,0,0,0,0,0,0,600,FALSE,FALSE,FALSE,TRUE
Mage's Tower lvl 4,2,8,5,5,0,5,0,0,0,0,0,0,0,4,4,4,0,0,0,0,0,0,0,0,0,0,0,800,FALSE,FALSE,FALSE,TRUE
Mage's Tower lvl 5,3,9,6,6,0,6,0,0,0,0,0,0,0,5,5,5,0,0,0,0,0,0,0,0,0,0,0,1000,FALSE,FALSE,FALSE,TRUE
Mage's Tower lvl 6,3,10,7,7,0,7,0,0,0,0,0,0,0,6,6,6,0,0,0,0,0,0,0,0,0,0,0,1200,FALSE,FALSE,FALSE,TRUE
Mage's Tower lvl 7,3,11,8,8,0,8,0,0,0,0,0,0,0,7,7,7,0,0,0,0,0,0,0,0,0,0,0,1400,FALSE,FALSE,FALSE,TRUE
Mage's Tower lvl 8,3,12,9,9,0,9,0,0,0,0,0,0,0,8,8,8,0,0,0,0,0,0,0,0,0,0,0,1600,FALSE,FALSE,FALSE,TRUE
Mage's Tower lvl 9,3,13,10,10,0,10,0,0,0,0,0,0,0,9,9,9,0,0,0,0,0,0,0,0,0,0,0,1800,FALSE,FALSE,FALSE,TRUE
Mage's Tower lvl 10,4,14,11,11,0,11,0,0,0,0,0,0,0,10,10,10,0,0,0,0,0,0,0,0,0,0,0,2000,FALSE,FALSE,FALSE,TRUE
Market lvl 1,2,4,4,0,0,2,0,0,0,0,0,0,3,0,0,0,0,2,0,0,0,0,0,1,0,0,0,200,FALSE,FALSE,TRUE,FALSE
Market lvl 2,2,5,5,0,0,3,0,0,0,0,0,0,6,0,0,0,0,4,0,0,0,0,0,2,0,0,0,400,FALSE,FALSE,TRUE,FALSE
Market lvl 3,2,6,6,0,0,4,0,0,0,0,0,0,9,0,0,0,0,6,0,0,0,0,0,3,0,0,0,600,FALSE,FALSE,TRUE,FALSE
Market lvl 4,2,7,7,0,0,5,0,0,0,0,0,0,12,0,0,0,0,8,0,0,0,0,0,4,0,0,0,800,FALSE,FALSE,TRUE,FALSE
Market lvl 5,4,8,8,0,0,6,0,0,0,0,0,0,15,0,0,0,0,10,0,0,0,0,0,5,0,0,0,1000,FALSE,FALSE,TRUE,FALSE
Market lvl 6,4,9,9,0,0,7,0,0,0,0,0,0,18,0,0,0,0,12,0,0,0,0,0,6,0,0,0,1200,FALSE,FALSE,TRUE,FALSE
Market lvl 7,4,10,10,0,0,8,0,0,0,0,0,0,21,0,0,0,0,14,0,0,0,0,0,7,0,0,0,1400,FALSE,FALSE,TRUE,FALSE
Market lvl 8,4,11,11,0,0,9,0,0,0,0,0,0,24,0,0,0,0,16,0,0,0,0,0,8,0,0,0,1600,FALSE,FALSE,TRUE,FALSE
Market lvl 9,4,12,12,0,0,10,0,0,0,0,0,0,27,0,0,0,0,18,0,0,0,0,0,9,0,0,0,1800,FALSE,FALSE,TRUE,FALSE
Market lvl 10,6,13,13,0,0,11,0,0,0,0,0,0,30,0,0,0,0,20,0,0,0,0,0,10,0,0,0,2000,FALSE,FALSE,TRUE,FALSE
Marshall Yard lvl 1,1,3,2,3,0,2,0,0,0,0,0,0,0,0,1,1,0,0,0,0,0,0,0,0,0,0,0,200,FALSE,FALSE,FALSE,TRUE
Marshall Yard lvl 2,1,4,3,4,0,3,0,0,0,0,0,0,0,0,2,2,0,0,0,0,0,0,0,0,0,0,0,400,FALSE,FALSE,FALSE,TRUE
Marshall Yard lvl 3,1,5,4,5,0,4,0,0,0,0,0,0,0,0,3,3,0,0,0,0,0,0,0,0,0,0,0,600,FALSE,FALSE,FALSE,TRUE
Marshall Yard lvl 4,1,6,5,6,0,5,0,0,0,0,0,0,0,0,4,4,0,0,0,0,0,0,0,0,0,0,0,800,FALSE,FALSE,FALSE,TRUE
Marshall Yard lvl 5,2,7,6,7,0,6,0,0,0,0,0,0,0,0,5,5,0,0,0,0,0,0,0,0,0,0,0,1000,FALSE,FALSE,FALSE,TRUE
Marshall Yard lvl 6,2,8,7,8,0,7,0,0,0,0,0,0,0,0,6,6,0,0,0,0,0,0,0,0,0,0,0,1200,FALSE,FALSE,FALSE,TRUE
Marshall Yard lvl 7,2,9,8,9,0,8,0,0,0,0,0,0,0,0,7,7,0,0,0,0,0,0,0,0,0,0,0,1400,FALSE,FALSE,FALSE,TRUE
Marshall Yard lvl 8,2,10,9,10,0,9,0,0,0,0,0,0,0,0,8,8,0,0,0,0,0,0,0,0,0,0,0,1600,FALSE,FALSE,FALSE,TRUE
Marshall Yard lvl 9,2,11,10,11,0,10,0,0,0,0,0,0,0,0,9,9,0,0,0,0,0,0,0,0,0,0,0,1800,FALSE,FALSE,FALSE,TRUE
Marshall Yard lvl 10,3,12,11,12,0,11,0,0,0,0,0,0,0,0,10,10,0,0,0,0,0,0,0,0,0,0,0,2000,FALSE,FALSE,FALSE,TRUE
Military Trade School lvl 1,1,2,3,2,0,0,0,0,0,0,0,0,0,1,1,0,0,0,0,0,1,0,0,0,0,0,0,200,FALSE,FALSE,FALSE,TRUE
Military Trade School lvl 2,1,3,4,3,0,0,0,0,0,0,0,0,0,2,2,0,0,0,0,0,2,0,0,0,0,0,0,400,FALSE,FALSE,FALSE,TRUE
Military Trade School lvl 3,1,4,5,4,0,0,0,0,0,0,0,0,0,3,3,0,0,0,0,0,3,0,0,0,0,0,0,600,FALSE,FALSE,FALSE,TRUE
Military Trade School lvl 4,1,5,6,5,0,0,0,0,0,0,0,0,0,4,4,0,0,0,0,0,4,0,0,0,0,0,0,800,FALSE,FALSE,FALSE,TRUE
Military Trade School lvl 5,2,6,7,6,0,0,0,0,0,0,0,0,0,5,5,0,0,0,0,0,5,0,0,0,0,0,0,1000,FALSE,FALSE,FALSE,TRUE
Military Trade School lvl 6,2,7,8,7,0,0,0,0,0,0,0,0,0,6,6,0,0,0,0,0,6,0,0,0,0,0,0,1200,FALSE,FALSE,FALSE,TRUE
Military Trade School lvl 7,2,8,9,8,0,0,0,0,0,0,0,0,0,7,7,0,0,0,0,0,7,0,0,0,0,0,0,1400,FALSE,FALSE,FALSE,TRUE
Military Trade School lvl 8,2,9,10,9,0,0,0,0,0,0,0,0,0,8,8,0,0,0,0,0,8,0,0,0,0,0,0,1600,FALSE,FALSE,FALSE,TRUE
Military Trade School lvl 9,2,10,11,10,0,0,0,0,0,0,0,0,0,9,9,0,0,0,0,0,9,0,0,0,0,0,0,1800,FALSE,FALSE,FALSE,TRUE
Military Trade School lvl 10,3,11,12,11,0,0,0,0,0,0,0,0,0,10,10,0,0,0,0,0,10,0,0,0,0,0,0,2000,FALSE,FALSE,FALSE,TRUE
Mint lvl 1,4,4,4,8,0,8,4,0,0,0,0,0,0,0,0,0,0,2,2,0,0,0,0,-1,0,0,0,200,FALSE,FALSE,TRUE,FALSE
Mint lvl 2,4,5,5,9,0,9,5,0,0,0,0,0,0,0,0,0,0,4,4,0,0,0,0,-2,0,0,0,400,FALSE,FALSE,TRUE,FALSE
Mint lvl 3,4,6,6,10,0,10,6,0,0,0,0,0,0,0,0,0,0,6,6,0,0,0,0,-3,0,0,0,600,FALSE,FALSE,TRUE,FALSE
Mint lvl 4,6,7,7,11,0,11,7,0,0,0,0,0,0,0,0,0,0,8,8,0,0,0,0,-4,0,0,0,800,FALSE,FALSE,TRUE,FALSE
Mint lvl 5,8,8,8,12,0,12,8,0,0,0,0,0,0,0,0,0,0,10,10,0,0,0,0,-5,0,0,0,1000,FALSE,FALSE,TRUE,FALSE
Mint lvl 6,8.2,9,9,13,0,13,9,0,0,0,0,0,0,0,0,0,0,12,12,0,0,0,0,-6,0,0,0,1200,FALSE,FALSE,TRUE,FALSE
Mint lvl 7,9.2,10,10,14,0,14,10,0,0,0,0,0,0,0,0,0,0,14,14,0,0,0,0,-7,0,0,0,1400,FALSE,FALSE,TRUE,FALSE
Mint lvl 8,10.2,11,11,15,0,15,11,0,0,0,0,0,0,0,0,0,0,16,16,0,0,0,0,-8,0,0,0,1600,FALSE,FALSE,TRUE,FALSE
Mint lvl 9,11.2,12,12,16,0,16,12,0,0,0,0,0,0,0,0,0,0,18,18,0,0,0,0,-9,0,0,0,1800,FALSE,FALSE,TRUE,FALSE
Mint lvl 10,12.2,13,13,17,0,17,13,0,0,0,0,0,0,0,0,0,0,20,20,0,0,0,0,-10,0,0,0,2000,FALSE,FALSE,TRUE,FALSE
Monument lvl 1,2,5,5,5,0,0,0,0,0,0,0,0,0,0,1,0,0,0,0,0,0,1,0,0,1,0,0,100,TRUE,FALSE,TRUE,TRUE
Monument lvl 2,2,6,6,6,0,0,0,0,0,0,0,0,0,0,2,0,0,0,0,0,0,2,0,0,2,0,0,200,TRUE,FALSE,TRUE,TRUE
Monument lvl 3,2,7,7,7,0,0,0,0,0,0,0,0,0,0,3,0,0,0,0,0,0,3,0,0,3,0,0,300,TRUE,FALSE,TRUE,TRUE
Monument lvl 4,2,8,8,8,0,0,0,0,0,0,0,0,0,0,4,0,0,0,0,0,0,4,0,0,4,0,0,400,TRUE,FALSE,TRUE,TRUE
Monument lvl 5,3,9,9,9,0,1,0,0,0,0,0,0,0,0,5,0,0,1,0,0,0,5,0,0,5,0,0,500,TRUE,FALSE,TRUE,TRUE
Monument lvl 6,3,10,10,10,0,2,0,0,0,0,0,0,0,0,6,0,0,2,0,0,0,6,0,0,6,0,0,600,TRUE,FALSE,TRUE,TRUE
Monument lvl 7,3,11,11,11,0,3,0,0,0,0,0,0,0,0,7,0,0,3,0,0,0,7,0,0,7,0,0,700,TRUE,FALSE,TRUE,TRUE
Monument lvl 8,3,12,12,12,0,4,0,0,0,0,0,0,0,0,8,0,0,4,0,0,0,8,0,0,8,0,0,800,TRUE,FALSE,TRUE,TRUE
Monument lvl 9,3,13,13,13,0,5,0,0,0,0,0,0,0,0,9,0,0,5,0,0,0,9,0,0,9,0,0,900,TRUE,FALSE,TRUE,TRUE
Monument lvl 10,4,14,14,14,0,6,0,0,0,0,0,0,0,0,10,0,0,5,0,0,0,10,0,0,10,0,0,1000,TRUE,FALSE,TRUE,TRUE
Poison Magazine lvl 1,2,2,3,2,0,3,0,0,0,0,0,0,0,1,0,0,0,1,0,0,0,0,0,0,0,0,0,200,FALSE,FALSE,FALSE,TRUE
Poison Magazine lvl 2,2,3,4,3,0,4,0,0,0,0,0,0,0,2,0,0,0,2,0,0,0,0,0,0,0,0,0,400,FALSE,FALSE,FALSE,TRUE
Poison Magazine lvl 3,2,4,5,4,0,5,0,0,0,0,0,0,0,3,0,0,0,3,0,0,0,0,0,0,0,0,0,600,FALSE,FALSE,FALSE,TRUE
Poison Magazine lvl 4,2,5,6,5,0,6,0,0,0,0,0,0,0,4,0,0,0,4,0,0,0,0,0,0,0,0,0,800,FALSE,FALSE,FALSE,TRUE
Poison Magazine lvl 5,3,6,7,6,0,7,0,0,0,0,0,0,0,5,0,0,0,5,0,0,0,0,0,0,0,0,0,1000,FALSE,FALSE,FALSE,TRUE
Poison Magazine lvl 6,3,7,8,7,0,8,0,0,0,0,0,0,0,6,0,0,0,6,0,0,0,0,0,0,0,0,0,1200,FALSE,FALSE,FALSE,TRUE
Poison Magazine lvl 7,3,8,9,8,0,9,0,0,0,0,0,0,0,7,0,0,0,7,0,0,0,0,0,0,0,0,0,1400,FALSE,FALSE,FALSE,TRUE
Poison Magazine lvl 8,3,9,10,9,0,10,0,0,0,0,0,0,0,8,0,0,0,8,0,0,0,0,0,0,0,0,0,1600,FALSE,FALSE,FALSE,TRUE
Poison Magazine lvl 9,3,10,11,10,0,11,0,0,0,0,0,0,0,9,0,0,0,9,0,0,0,0,0,0,0,0,0,1800,FALSE,FALSE,FALSE,TRUE
Poison Magazine lvl 10,4,11,12,11,0,12,0,0,0,0,0,0,0,10,0,0,0,10,0,0,0,0,0,0,0,0,0,2000,FALSE,FALSE,FALSE,TRUE
Potion Brewery lvl 1,2,2,2,3,0,3,0,0,0,0,0,0,0,1,0,0,0,1,0,0,0,0,0,0,0,0,0,200,FALSE,FALSE,FALSE,TRUE
Potion Brewery lvl 2,2,3,3,4,0,4,0,0,0,0,0,0,0,2,0,0,0,2,0,0,0,0,0,0,0,0,0,400,FALSE,FALSE,FALSE,TRUE
Potion Brewery lvl 3,2,4,4,5,0,5,0,0,0,0,0,0,0,3,0,0,0,3,0,0,0,0,0,0,0,0,0,600,FALSE,FALSE,FALSE,TRUE
Potion Brewery lvl 4,2,5,5,6,0,6,0,0,0,0,0,0,0,4,0,0,0,4,0,0,0,0,0,0,0,0,0,800,FALSE,FALSE,FALSE,TRUE
Potion Brewery lvl 5,3,6,6,7,0,7,0,0,0,0,0,0,0,5,0,0,0,5,0,0,0,0,0,0,0,0,0,1000,FALSE,FALSE,FALSE,TRUE
Potion Brewery lvl 6,3,7,7,8,0,8,0,0,0,0,0,0,0,6,0,0,0,6,0,0,0,0,0,0,0,0,0,1200,FALSE,FALSE,FALSE,TRUE
Potion Brewery lvl 7,3,8,8,9,0,9,0,0,0,0,0,0,0,7,0,0,0,7,0,0,0,0,0,0,0,0,0,1400,FALSE,FALSE,FALSE,TRUE
Potion Brewery lvl 8,3,9,9,10,0,10,0,0,0,0,0,0,0,8,0,0,0,8,0,0,0,0,0,0,0,0,0,1600,FALSE,FALSE,FALSE,TRUE
Potion Brewery lvl 9,3,10,10,11,0,11,0,0,0,0,0,0,0,9,0,0,0,9,0,0,0,0,0,0,0,0,0,1800,FALSE,FALSE,FALSE,TRUE
Potion Brewery lvl 10,4,11,11,12,0,12,0,0,0,0,0,0,0,10,0,0,0,10,0,0,0,0,0,0,0,0,0,2000,FALSE,FALSE,FALSE,TRUE
Quarry lvl 1,1,2,1,2,0,0,0,0,5,0,0,0,0,0,0,0,0,0,0,0,0,0,0,0,0,0,0,100,TRUE,FALSE,TRUE,TRUE
Quarry lvl 2,1,3,2,3,0,0,0,0,10,0,0,0,0,2,0,0,0,0,0,0,0,0,0,0,0,0,0,200,TRUE,FALSE,TRUE,TRUE
Quarry lvl 3,1,4,3,4,0,0,0,0,15,0,0,0,0,3,0,0,0,0,0,0,0,0,0,0,0,0,0,300,TRUE,FALSE,TRUE,TRUE
Quarry lvl 4,1,5,4,5,0,0,0,0,20,0,0,0,0,4,0,0,0,0,0,0,0,0,0,0,0,0,0,400,TRUE,FALSE,TRUE,TRUE
Quarry lvl 5,2,6,5,6,0,0,0,0,25,0,0,0,0,5,0,0,0,0,0,0,0,0,0,0,0,0,0,500,TRUE,FALSE,TRUE,TRUE
Quarry lvl 6,2,7,6,7,0,0,0,0,30,0,0,0,0,6,0,0,0,0,0,0,0,0,0,0,0,0,0,600,TRUE,FALSE,TRUE,TRUE
Quarry lvl 7,2,8,7,8,0,0,0,0,35,0,0,0,0,7,0,0,0,0,0,0,0,0,0,0,0,0,0,700,TRUE,FALSE,TRUE,TRUE
Quarry lvl 8,2,9,8,9,0,0,0,0,40,0,0,0,0,8,0,0,0,0,0,0,0,0,0,0,0,0,0,800,TRUE,FALSE,TRUE,TRUE
Quarry lvl 9,2,10,9,10,0,0,0,0,45,0,0,0,0,9,0,0,0,0,0,0,0,0,0,0,0,0,0,900,TRUE,FALSE,TRUE,TRUE
Quarry lvl 10,3,11,10,11,0,0,0,0,50,0,0,0,0,10,0,0,0,0,0,0,0,0,0,0,0,0,0,1000,TRUE,FALSE,TRUE,TRUE
Rare Mine lvl 1,1,3,2,3,0,0,0,0,0,0,0,3,0,1,0,1,0,0,0,0,0,0,0,0,0,0,0,100,FALSE,FALSE,TRUE,TRUE
Rare Mine lvl 2,1,4,3,4,0,0,0,0,0,0,0,6,0,2,0,2,0,0,0,0,0,0,0,0,0,0,0,200,FALSE,FALSE,TRUE,TRUE
Rare Mine lvl 3,1,5,4,5,0,0,0,0,0,0,0,9,0,3,0,3,0,0,0,0,0,0,0,0,0,0,0,300,FALSE,FALSE,TRUE,TRUE
Rare Mine lvl 4,1,6,5,6,0,0,0,0,0,0,0,12,0,4,0,4,0,0,0,0,0,0,0,0,0,0,0,400,FALSE,FALSE,TRUE,TRUE
Rare Mine lvl 5,2,7,6,7,0,0,0,0,0,0,0,15,0,5,0,5,0,0,0,0,0,0,0,0,0,0,0,500,FALSE,FALSE,TRUE,TRUE
Rare Mine lvl 6,2,8,7,8,0,0,0,0,0,0,0,18,0,6,0,6,0,0,0,0,0,0,0,0,0,0,0,600,FALSE,FALSE,TRUE,TRUE
Rare Mine lvl 7,2,9,8,9,0,0,0,0,0,0,0,21,0,7,0,7,0,0,0,0,0,0,0,0,0,0,0,700,FALSE,FALSE,TRUE,TRUE
Rare Mine lvl 8,2,10,9,10,0,0,0,0,0,0,0,24,0,8,0,8,0,0,0,0,0,0,0,0,0,0,0,800,FALSE,FALSE,TRUE,TRUE
Rare Mine lvl 9,2,11,10,11,0,0,0,0,0,0,0,27,0,9,0,9,0,0,0,0,0,0,0,0,0,0,0,900,FALSE,FALSE,TRUE,TRUE
Rare Mine lvl 10,3,12,11,12,0,0,0,0,0,0,0,30,0,10,0,10,0,0,0,0,0,0,0,0,0,0,0,1000,FALSE,FALSE,TRUE,TRUE
Refinery lvl 1,1,3,3,3,0,0,0,0,0,0,0,5,0,1,1,1,0,0,0,0,0,0,0,0,0,0,0,200,FALSE,FALSE,TRUE,TRUE
Refinery lvl 2,1,4,4,4,0,0,0,0,0,0,0,10,0,2,2,2,0,0,0,0,0,0,0,0,0,0,0,400,FALSE,FALSE,TRUE,TRUE
Refinery lvl 3,1,5,5,5,0,0,0,0,0,0,0,15,0,3,3,3,0,0,0,0,0,0,0,0,0,0,0,600,FALSE,FALSE,TRUE,TRUE
Refinery lvl 4,1,6,6,6,0,0,0,0,0,0,0,20,0,4,4,4,0,0,0,0,0,0,0,0,0,0,0,800,FALSE,FALSE,TRUE,TRUE
Refinery lvl 5,2,7,7,7,0,1,0,0,0,0,0,25,0,5,5,5,0,0,0,0,0,0,0,0,0,0,0,1000,FALSE,FALSE,TRUE,TRUE
Refinery lvl 6,2,8,8,8,0,2,0,0,0,0,0,30,0,6,6,6,0,0,0,0,0,0,0,0,0,0,0,1200,FALSE,FALSE,TRUE,TRUE
Refinery lvl 7,2,9,9,9,0,3,0,0,0,0,0,35,0,7,7,7,0,0,0,0,0,0,0,0,0,0,0,1400,FALSE,FALSE,TRUE,TRUE
Refinery lvl 8,2,10,10,10,0,4,0,0,0,0,0,40,0,8,8,8,0,0,0,0,0,0,0,0,0,0,0,1600,FALSE,FALSE,TRUE,TRUE
Refinery lvl 9,2,11,11,11,0,5,0,0,0,0,0,45,0,9,9,9,0,0,0,0,0,0,0,0,0,0,0,1800,FALSE,FALSE,TRUE,TRUE
Refinery lvl 10,3,12,12,12,0,6,0,0,0,0,0,50,0,10,10,10,0,0,0,0,0,0,0,0,0,0,0,2000,FALSE,FALSE,TRUE,TRUE
Rookery lvl 1,1,1,0,0,0,0,0,0,0,0,0,0,0,0,0,0,1,0,0,0,0,0,0,0,0,0,0,100,TRUE,TRUE,TRUE,TRUE
Rookery lvl 2,1,2,0,0,0,0,0,0,0,0,0,0,0,0,0,0,2,0,0,0,0,0,0,0,0,0,0,200,TRUE,TRUE,TRUE,TRUE
Rookery lvl 3,1,3,0,0,0,0,0,0,0,0,0,0,0,0,0,0,3,0,0,0,0,0,0,0,0,0,0,300,TRUE,TRUE,TRUE,TRUE
Rookery lvl 4,1,4,0,0,0,0,0,0,0,0,0,0,0,0,0,0,4,0,0,0,0,0,0,0,0,0,0,400,TRUE,TRUE,TRUE,TRUE
Rookery lvl 5,2,5,0,0,0,0,0,0,0,0,0,0,0,0,0,0,5,0,0,0,0,0,0,0,0,0,0,500,TRUE,TRUE,TRUE,TRUE
Rookery lvl 6,2,6,0,0,0,0,0,0,0,0,0,0,0,0,0,0,6,0,0,0,0,0,0,0,0,0,0,600,TRUE,TRUE,TRUE,TRUE
Rookery lvl 7,2,7,0,0,0,0,0,0,0,0,0,0,0,0,0,0,7,0,0,0,0,0,0,0,0,0,0,700,TRUE,TRUE,TRUE,TRUE
Rookery lvl 8,2,8,0,0,0,0,0,0,0,0,0,0,0,0,0,0,8,0,0,0,0,0,0,0,0,0,0,800,TRUE,TRUE,TRUE,TRUE
Rookery lvl 9,2,9,0,0,0,0,0,0,0,0,0,0,0,0,0,0,9,0,0,0,0,0,0,0,0,0,0,900,TRUE,TRUE,TRUE,TRUE
Rookery lvl 10,3,10,0,0,0,0,0,0,0,0,0,0,0,0,0,0,10,0,0,0,0,0,0,0,0,0,0,1000,TRUE,TRUE,TRUE,TRUE
Sanatorium lvl 1,2,5,2,2,0,2,0,0,0,0,0,0,0,1,1,1,0,0,0,1,0,0,0,0,0,0,0,200,FALSE,FALSE,TRUE,FALSE
Sanatorium lvl 2,2,6,3,3,0,3,0,0,0,0,0,0,0,2,2,2,0,0,0,2,0,0,0,0,0,0,0,400,FALSE,FALSE,TRUE,FALSE
Sanatorium lvl 3,2,7,4,4,0,4,0,0,0,0,0,0,0,3,3,3,0,0,0,3,0,0,0,0,0,0,0,600,FALSE,FALSE,TRUE,FALSE
Sanatorium lvl 4,2,8,5,5,0,5,0,0,0,0,0,0,0,4,4,4,0,0,0,4,0,0,0,0,0,0,0,800,FALSE,FALSE,TRUE,FALSE
Sanatorium lvl 5,4,9,6,6,0,6,0,0,0,0,0,0,0,5,5,5,0,1,0,5,0,0,0,0,0,0,0,1000,FALSE,FALSE,TRUE,FALSE
Sanatorium lvl 6,4,10,7,7,0,7,0,0,0,0,0,0,0,6,6,6,0,2,0,6,0,0,0,0,0,0,0,1200,FALSE,FALSE,TRUE,FALSE
Sanatorium lvl 7,4,11,8,8,0,8,0,0,0,0,0,0,0,7,7,7,0,3,0,7,0,0,0,0,0,0,0,1400,FALSE,FALSE,TRUE,FALSE
Sanatorium lvl 8,4,12,9,9,0,9,0,0,0,0,0,0,0,8,8,8,0,4,0,8,0,0,0,0,0,0,0,1600,FALSE,FALSE,TRUE,FALSE
Sanatorium lvl 9,4,13,10,10,0,10,0,0,0,0,0,0,0,9,9,9,0,5,0,9,0,0,0,0,0,0,0,1800,FALSE,FALSE,TRUE,FALSE
Sanatorium lvl 10,5,14,11,11,0,11,0,0,0,0,0,0,0,10,10,10,0,6,0,10,0,0,0,0,0,0,0,2000,FALSE,FALSE,TRUE,FALSE
Scrivener lvl 1,2,3,2,2,0,3,0,0,0,0,0,0,0,1,0,0,0,1,0,0,0,0,0,0,0,0,0,200,FALSE,FALSE,FALSE,TRUE
Scrivener lvl 2,2,4,3,3,0,4,0,0,0,0,0,0,0,2,0,0,0,2,0,0,0,0,0,0,0,0,0,400,FALSE,FALSE,FALSE,TRUE
Scrivener lvl 3,2,5,4,4,0,5,0,0,0,0,0,0,0,3,0,0,0,3,0,0,0,0,0,0,0,0,0,600,FALSE,FALSE,FALSE,TRUE
Scrivener lvl 4,2,6,5,5,0,6,0,0,0,0,0,0,0,4,0,0,0,4,0,0,0,0,0,0,0,0,0,800,FALSE,FALSE,FALSE,TRUE
Scrivener lvl 5,3,7,6,6,0,7,0,0,0,0,0,0,0,5,0,0,0,5,0,0,0,0,0,0,0,0,0,1000,FALSE,FALSE,FALSE,TRUE
Scrivener lvl 6,3,8,7,7,0,8,0,0,0,0,0,0,0,6,0,0,0,6,0,0,0,0,0,0,0,0,0,1200,FALSE,FALSE,FALSE,TRUE
Scrivener lvl 7,3,9,8,8,0,9,0,0,0,0,0,0,0,7,0,0,0,7,0,0,0,0,0,0,0,0,0,1400,FALSE,FALSE,FALSE,TRUE
Scrivener lvl 8,3,10,9,9,0,10,0,0,0,0,0,0,0,8,0,0,0,8,0,0,0,0,0,0,0,0,0,1600,FALSE,FALSE,FALSE,TRUE
Scrivener lvl 9,3,11,10,10,0,11,0,0,0,0,0,0,0,9,0,0,0,9,0,0,0,0,0,0,0,0,0,1800,FALSE,FALSE,FALSE,TRUE
Scrivener lvl 10,4,12,11,11,0,12,0,0,0,0,0,0,0,10,0,0,0,10,0,0,0,0,0,0,0,0,0,2000,FALSE,FALSE,FALSE,TRUE
Shipyard lvl 1,2,5,3,2,0,4,0,0,0,0,0,0,0,1,0,0,0,2,0,0,0,0,0,0,0,0,0,200,FALSE,FALSE,TRUE,TRUE
Shipyard lvl 2,2,6,4,3,0,5,0,0,0,0,0,0,0,2,0,0,0,3,0,0,0,0,0,0,0,0,0,400,FALSE,FALSE,TRUE,TRUE
Shipyard lvl 3,2,7,5,4,0,6,0,0,0,0,0,0,0,3,0,0,0,4,0,0,0,0,0,0,0,0,0,600,FALSE,FALSE,TRUE,TRUE
Shipyard lvl 4,2,8,6,5,0,7,0,0,0,0,0,0,0,4,0,0,0,5,0,0,0,0,0,0,0,0,0,800,FALSE,FALSE,TRUE,TRUE
Shipyard lvl 5,3,9,7,6,0,8,0,0,0,0,0,0,0,5,0,1,0,6,0,0,0,0,0,0,0,0,0,1000,FALSE,FALSE,TRUE,TRUE
Shipyard lvl 6,3,10,8,7,0,9,0,0,0,0,0,0,0,6,0,2,0,7,0,0,0,0,0,0,0,0,0,1200,FALSE,FALSE,TRUE,TRUE
Shipyard lvl 7,3,11,9,8,0,10,0,0,0,0,0,0,0,7,0,3,0,8,0,0,0,0,0,0,0,0,0,1400,FALSE,FALSE,TRUE,TRUE
Shipyard lvl 8,3,12,10,9,0,11,0,0,0,0,0,0,0,8,0,4,0,9,0,0,0,0,0,0,0,0,0,1600,FALSE,FALSE,TRUE,TRUE
Shipyard lvl 9,3,13,11,10,0,12,0,0,0,0,0,0,0,9,0,5,0,10,0,0,0,0,0,0,0,0,0,1800,FALSE,FALSE,TRUE,TRUE
Shipyard lvl 10,4,14,12,11,0,13,0,0,0,0,0,0,0,10,0,6,0,11,0,0,0,0,0,0,0,0,0,2000,FALSE,FALSE,TRUE,TRUE
Shop lvl 1,1,3,2,0,0,0,0,0,0,0,0,0,0,0,0,0,0,0,0,0,0,0,0,0,0,0,0,0,TRUE,FALSE,TRUE,TRUE
Skilled Worker (Coin),1,0,0,0,0,0,2,0,0,0,0,0,1,0,0,0,0,0,0,0,0,0,0,0,0,0,0,0,TRUE,FALSE,TRUE,TRUE
Skilled Worker (Food),1,0,0,0,0,0,2,0,0,0,1,0,0,0,0,0,0,0,0,0,0,0,0,0,0,0,0,0,TRUE,FALSE,TRUE,TRUE
Skilled Worker (Lumber),1,0,0,0,0,0,2,1,0,0,0,0,0,0,0,0,0,0,0,0,0,0,0,0,0,0,0,0,TRUE,FALSE,TRUE,TRUE
Skilled Worker (Metal Ore),1,0,0,0,0,0,2,0,0,1,0,0,0,0,0,0,0,0,0,0,0,0,0,0,0,0,0,0,TRUE,FALSE,TRUE,TRUE
Skilled Worker (Refined Goods),1,0,0,0,0,0,2,0,0,0,0,1,0,0,0,0,0,0,0,0,0,0,0,0,0,0,0,0,TRUE,FALSE,TRUE,TRUE
Skilled Worker (Stone),1,0,0,0,0,0,2,0,1,0,0,0,0,0,0,0,0,0,0,0,0,0,0,0,0,0,0,0,TRUE,FALSE,TRUE,TRUE
Skilled Worker (Medical),1,0,0,0,0,0,2,0,0,0,0,0,0,0,0,0,0,0,0,1,0,0,0,0,0,0,0,0,FALSE,FALSE,TRUE,TRUE
Skilled Worker (Education),1,0,0,0,0,0,2,0,0,0,0,0,0,0,0,0,0,0,0,0,1,0,0,0,0,0,0,0,FALSE,FALSE,TRUE,TRUE
Skilled Worker (Morale),1,0,0,0,0,0,2,0,0,0,0,0,0,0,0,0,0,0,0,0,0,1,0,0,0,0,0,0,FALSE,FALSE,TRUE,TRUE
Skilled Worker (Vice),1,0,0,0,0,0,2,0,0,0,0,0,0,0,0,0,0,0,0,0,0,1,0,0,0,1,0,0,FALSE,FALSE,TRUE,TRUE
Stables lvl 1,1,5,0,2,0,4,0,0,0,0,0,0,0,0,0,1,0,1,0,0,0,0,0,0,0,0,0,200,FALSE,FALSE,FALSE,TRUE
Stables lvl 2,1,6,0,3,0,5,0,0,0,0,0,0,0,0,0,2,0,2,0,0,0,0,0,0,0,0,0,400,FALSE,FALSE,FALSE,TRUE
Stables lvl 3,1,7,0,4,0,6,0,0,0,0,0,0,0,0,0,3,0,3,0,0,0,0,0,0,0,0,0,600,FALSE,FALSE,FALSE,TRUE
Stables lvl 4,1,8,0,5,0,7,0,0,0,0,0,0,0,0,0,4,0,4,0,0,0,0,0,0,0,0,0,800,FALSE,FALSE,FALSE,TRUE
Stables lvl 5,2,9,0,6,0,8,0,0,0,0,0,0,0,0,0,5,0,5,0,0,0,0,0,0,0,0,0,1000,FALSE,FALSE,FALSE,TRUE
Stables lvl 6,2,10,0,7,0,9,0,0,0,0,0,0,0,0,0,6,0,6,0,0,0,0,0,0,0,0,0,1200,FALSE,FALSE,FALSE,TRUE
Stables lvl 7,2,11,0,8,0,10,0,0,0,0,0,0,0,0,0,7,0,7,0,0,0,0,0,0,0,0,0,1400,FALSE,FALSE,FALSE,TRUE
Stables lvl 8,2,12,0,9,0,11,0,0,0,0,0,0,0,0,0,8,0,8,0,0,0,0,0,0,0,0,0,1600,FALSE,FALSE,FALSE,TRUE
Stables lvl 9,2,13,0,10,0,12,0,0,0,0,0,0,0,0,0,9,0,9,0,0,0,0,0,0,0,0,0,1800,FALSE,FALSE,FALSE,TRUE
Stables lvl 10,3,14,0,11,0,13,0,0,0,0,0,0,0,0,0,10,0,10,0,0,0,0,0,0,0,0,0,2000,FALSE,FALSE,FALSE,TRUE
Tavern lvl 1,1,2,4,2,0,2,0,0,0,0,0,0,0,0,0,0,0,1,0,0,0,1,0,0,0,1,0,200,FALSE,FALSE,TRUE,TRUE
Tavern lvl 2,1,3,5,3,0,3,0,0,0,0,0,0,0,0,0,0,0,2,0,0,0,2,0,0,0,2,0,400,FALSE,FALSE,TRUE,TRUE
Tavern lvl 3,1,4,6,4,0,4,0,0,0,0,0,0,0,0,0,0,0,3,0,0,0,3,0,0,0,3,0,600,FALSE,FALSE,TRUE,TRUE
Tavern lvl 4,1,5,7,5,0,5,0,0,0,0,0,0,0,0,0,0,0,4,0,0,0,4,0,0,0,4,0,800,FALSE,FALSE,TRUE,TRUE
Tavern lvl 5,2,6,8,6,0,6,0,0,0,0,0,0,0,0,0,1,0,5,0,0,0,5,0,0,0,5,0,1000,FALSE,FALSE,TRUE,TRUE
Tavern lvl 6,2,7,9,7,0,7,0,0,0,0,0,0,0,0,0,2,0,6,0,0,0,6,0,0,0,6,0,1200,FALSE,FALSE,TRUE,TRUE
Tavern lvl 7,2,8,10,8,0,8,0,0,0,0,0,0,0,0,0,3,0,7,0,0,0,7,0,0,0,7,0,1400,FALSE,FALSE,TRUE,TRUE
Tavern lvl 8,2,9,11,9,0,9,0,0,0,0,0,0,0,0,0,4,0,8,0,0,0,8,0,0,0,8,0,1600,FALSE,FALSE,TRUE,TRUE
Tavern lvl 9,2,10,12,10,0,10,0,0,0,0,0,0,0,0,0,5,0,9,0,0,0,9,0,0,0,9,0,1800,FALSE,FALSE,TRUE,TRUE
Tavern lvl 10,3,11,13,11,0,11,0,0,0,0,0,0,0,0,0,6,0,10,0,0,0,10,0,0,0,10,0,2000,FALSE,FALSE,TRUE,TRUE
Theater lvl 1,1,1,1,0,0,2,0,0,0,0,0,0,0,0,0,0,0,1,0,0,0,1,0,0,0,0,0,200,FALSE,FALSE,TRUE,FALSE
Theater lvl 2,1,2,2,0,0,3,0,0,0,0,0,0,0,0,0,0,0,2,0,0,0,2,0,0,0,0,0,400,FALSE,FALSE,TRUE,FALSE
Theater lvl 3,1,3,3,0,0,4,0,0,0,0,0,0,0,0,0,0,0,3,0,0,0,3,0,0,0,0,0,600,FALSE,FALSE,TRUE,FALSE
Theater lvl 4,1,4,4,0,0,5,0,0,0,0,0,0,0,0,0,0,0,4,0,0,0,4,0,0,0,0,0,800,FALSE,FALSE,TRUE,FALSE
Theater lvl 5,2,5,5,0,0,6,0,0,0,0,0,0,0,1,0,0,0,5,0,0,0,5,0,0,0,0,0,1000,FALSE,FALSE,TRUE,FALSE
Theater lvl 6,2,6,6,0,0,7,0,0,0,0,0,0,0,2,0,0,0,6,0,0,0,6,0,0,0,0,0,1200,FALSE,FALSE,TRUE,FALSE
Theater lvl 7,2,7,7,0,0,8,0,0,0,0,0,0,0,3,0,0,0,7,0,0,0,7,0,0,0,0,0,1400,FALSE,FALSE,TRUE,FALSE
Theater lvl 8,2,8,8,0,0,9,0,0,0,0,0,0,0,4,0,0,0,8,0,0,0,8,0,0,0,0,0,1600,FALSE,FALSE,TRUE,FALSE
Theater lvl 9,2,9,9,0,0,10,0,0,0,0,0,0,0,5,0,0,0,9,0,0,0,9,0,0,0,0,0,1800,FALSE,FALSE,TRUE,FALSE
Theater lvl 10,3,10,10,0,0,11,0,0,0,0,0,0,0,6,0,0,0,10,0,0,0,10,0,0,0,0,0,2000,FALSE,FALSE,TRUE,FALSE
Tower lvl 1,2,5,5,0,0,0,0,0,0,0,0,0,0,1,0,0,0,0,0,0,0,0,1,0,0,0,1,100,TRUE,TRUE,TRUE,TRUE
Tower lvl 2,2,6,6,0,0,0,0,0,0,0,0,0,0,2,0,0,0,0,0,0,0,0,2,0,0,0,2,200,TRUE,TRUE,TRUE,TRUE
Tower lvl 3,2,7,7,0,0,0,0,0,0,0,0,0,0,3,0,0,0,0,0,0,0,0,3,0,0,0,3,300,TRUE,TRUE,TRUE,TRUE
Tower lvl 4,2,8,8,0,0,0,0,0,0,0,0,0,0,4,0,0,0,0,0,0,0,0,4,0,0,0,4,400,TRUE,TRUE,TRUE,TRUE
Tower lvl 5,3,8,8,0,0,1,0,0,0,0,0,0,0,5,0,0,0,0,0,0,0,0,5,0,0,0,5,500,TRUE,TRUE,TRUE,TRUE
Tower lvl 6,3,9.2,9.2,0,0,2,0,0,0,0,0,0,0,6,0,0,0,0,0,0,0,0,6,0,0,0,6,600,TRUE,TRUE,TRUE,TRUE
Tower lvl 7,3,10,10,0,0,3,0,0,0,0,0,0,0,7,0,0,0,0,0,0,0,0,7,0,0,0,7,700,TRUE,TRUE,TRUE,TRUE
Tower lvl 8,3,10.8,10.8,0,0,4,0,0,0,0,0,0,0,8,0,0,0,0,0,0,0,0,8,0,0,0,8,800,TRUE,TRUE,TRUE,TRUE
Tower lvl 9,3,11.6,11.6,0,0,5,0,0,0,0,0,0,0,9,0,0,0,0,0,0,0,0,9,0,0,0,9,900,TRUE,TRUE,TRUE,TRUE
Tower lvl 10,4,12.4,12.4,0,0,6,0,0,0,0,0,0,0,10,0,0,0,0,0,0,0,0,10,0,0,0,10,1000,TRUE,TRUE,TRUE,TRUE
Trade School lvl 1,1,2,3,2,0,0,0,0,0,0,0,0,0,1,1,0,0,0,0,0,1,0,0,0,0,0,0,200,FALSE,FALSE,TRUE,FALSE
Trade School lvl 2,1,3,4,3,0,0,0,0,0,0,0,0,0,2,2,0,0,0,0,0,2,0,0,0,0,0,0,400,FALSE,FALSE,TRUE,FALSE
Trade School lvl 3,1,4,5,4,0,0,0,0,0,0,0,0,0,3,3,0,0,0,0,0,3,0,0,0,0,0,0,600,FALSE,FALSE,TRUE,FALSE
Trade School lvl 4,1,5,6,5,0,0,0,0,0,0,0,0,0,4,4,0,0,0,0,0,4,0,0,0,0,0,0,800,FALSE,FALSE,TRUE,FALSE
Trade School lvl 5,2,6,7,6,0,0,0,0,0,0,0,0,0,5,5,0,0,0,0,0,5,0,0,0,0,0,0,1000,FALSE,FALSE,TRUE,FALSE
Trade School lvl 6,2,7,8,7,0,0,0,0,0,0,0,0,0,6,6,0,0,0,0,0,6,0,0,0,0,0,0,1200,FALSE,FALSE,TRUE,FALSE
Trade School lvl 7,2,8,9,8,0,0,0,0,0,0,0,0,0,7,7,0,0,0,0,0,7,0,0,0,0,0,0,1400,FALSE,FALSE,TRUE,FALSE
Trade School lvl 8,2,9,10,9,0,0,0,0,0,0,0,0,0,8,8,0,0,0,0,0,8,0,0,0,0,0,0,1600,FALSE,FALSE,TRUE,FALSE
Trade School lvl 9,2,10,11,10,0,0,0,0,0,0,0,0,0,9,9,0,0,0,0,0,9,0,0,0,0,0,0,1800,FALSE,FALSE,TRUE,FALSE
Trade School lvl 10,3,11,12,11,0,0,0,0,0,0,0,0,0,10,10,0,0,0,0,0,10,0,0,0,0,0,0,2000,FALSE,FALSE,TRUE,FALSE
Walls lvl 1,2,4,0,0,0,2,0,0,0,0,0,0,0,2,0,0,0,0,1,0,0,0,1,0,0,0,0,0,FALSE,FALSE,TRUE,TRUE
Walls lvl 2,2,4,2,0,0,3,0,0,0,0,0,0,0,2,1,0,0,0,1,0,0,0,2,0,0,0,0,0,FALSE,FALSE,TRUE,TRUE
Walls lvl 3,2,4,4,0,0,4,0,0,0,0,0,0,0,3,2,0,0,0,2,0,0,0,3,0,0,0,0,0,FALSE,FALSE,TRUE,TRUE
Walls lvl 4,2,5,5,0,0,5,0,0,0,0,0,0,0,3,3,0,0,0,3,0,0,0,4,0,0,0,0,0,FALSE,FALSE,TRUE,TRUE
Walls lvl 5,2,6,6,0,0,6,0,0,0,0,0,0,0,4,4,0,0,0,4,0,0,0,5,0,0,0,0,0,FALSE,FALSE,TRUE,TRUE
Walls lvl 6,2,6,7,0,0,7,0,0,0,0,0,0,0,4,5,0,0,0,4,0,0,0,6,0,0,0,0,0,FALSE,FALSE,TRUE,TRUE
Walls lvl 7,2,7,8,0,0,8,0,0,0,0,0,0,0,5,6,0,0,0,5,0,0,0,7,0,0,0,0,0,FALSE,FALSE,TRUE,TRUE
Walls lvl 8,2,8,9,0,0,9,0,0,0,0,0,0,0,5,7,0,0,0,5,0,0,0,8,0,0,0,0,0,FALSE,FALSE,TRUE,TRUE
Walls lvl 9,2,8,10,0,0,10,0,0,0,0,0,0,0,6,8,0,0,0,6,0,0,0,9,0,0,0,0,0,FALSE,FALSE,TRUE,TRUE
Walls lvl 10,2,9,11,0,0,11,0,0,0,0,0,0,0,6,9,0,0,0,6,0,0,0,10,0,0,0,0,0,FALSE,FALSE,TRUE,TRUE
Palisade lvl 1,1,3,0,0,0,2,0,0,0,0,0,0,0,2,0,0,0,1,0,0,0,0,1,0,0,0,0,0,FALSE,FALSE,TRUE,TRUE
Palisade lvl 2,1,4,0,0,0,3,0,0,0,0,0,0,0,3,0,0,0,2,0,0,0,0,2,0,0,0,0,0,FALSE,FALSE,TRUE,TRUE
Palisade lvl 3,1,5,0,0,0,4,0,0,0,0,0,0,0,4,0,0,0,3,0,0,0,0,3,0,0,0,0,0,FALSE,FALSE,TRUE,TRUE
Palisade lvl 4,1,6,0,0,0,5,0,0,0,0,0,0,0,5,0,0,0,4,0,0,0,0,4,0,0,0,0,0,FALSE,FALSE,TRUE,TRUE
Palisade lvl 5,1,7,0,0,0,6,0,0,0,0,0,0,0,6,0,0,0,5,0,0,0,0,5,0,0,0,0,0,FALSE,FALSE,TRUE,TRUE
Palisade lvl 6,1,8,0,0,0,7,0,0,0,0,0,0,0,7,0,0,0,6,0,0,0,0,6,0,0,0,0,0,FALSE,FALSE,TRUE,TRUE
Palisade lvl 7,1,9,0,0,0,8,0,0,0,0,0,0,0,8,0,0,0,7,0,0,0,0,7,0,0,0,0,0,FALSE,FALSE,TRUE,TRUE
Palisade lvl 8,1,10,0,0,0,9,0,0,0,0,0,0,0,9,0,0,0,8,0,0,0,0,8,0,0,0,0,0,FALSE,FALSE,TRUE,TRUE
Palisade lvl 9,1,11,0,0,0,10,0,0,0,0,0,0,0,10,0,0,0,9,0,0,0,0,9,0,0,0,0,0,FALSE,FALSE,TRUE,TRUE
Palisade lvl 10,1,12,0,0,0,11,0,0,0,0,0,0,0,11,0,0,0,10,0,0,0,0,10,0,0,0,0,0,FALSE,FALSE,TRUE,TRUE
Moat,1,3,0,0,0,6,0,0,0,0,0,0,0,0,0,0,0,1,1,0,0,0,0,0,0,0,0,0,FALSE,FALSE,TRUE,TRUE
Warehouse lvl 1,1,2,2,2,0,0,0,0,0,0,0,0,0,0,0,0,0,1,0,0,0,0,0,0,0,0,0,200,FALSE,FALSE,TRUE,TRUE
Warehouse lvl 2,1,3,3,3,0,0,0,0,0,0,0,0,0,0,0,0,0,2,0,0,0,0,0,0,0,0,0,400,FALSE,FALSE,TRUE,TRUE
Warehouse lvl 3,1,4,4,4,0,0,0,0,0,0,0,0,0,0,0,0,0,3,0,0,0,0,0,0,0,0,0,600,FALSE,FALSE,TRUE,TRUE
Warehouse lvl 4,1,5,5,5,0,0,0,0,0,0,0,0,0,0,0,0,0,4,0,0,0,0,0,0,0,0,0,800,FALSE,FALSE,TRUE,TRUE
Warehouse lvl 5,2,6,6,6,0,0,0,0,0,0,0,0,0,0,0,0,0,5,0,0,0,0,0,0,0,0,0,1000,FALSE,FALSE,TRUE,TRUE
Warehouse lvl 6,1.8,7,7,7,0,0,0,0,0,0,0,0,0,0,0,0,0,6,0,0,0,0,0,0,0,0,0,1200,FALSE,FALSE,TRUE,TRUE
Warehouse lvl 7,2,8,8,8,0,0,0,0,0,0,0,0,0,0,0,0,0,7,0,0,0,0,0,0,0,0,0,1400,FALSE,FALSE,TRUE,TRUE
Warehouse lvl 8,2.2,9,9,9,0,0,0,0,0,0,0,0,0,0,0,0,0,8,0,0,0,0,0,0,0,0,0,1600,FALSE,FALSE,TRUE,TRUE
Warehouse lvl 9,2.4,10,10,10,0,0,0,0,0,0,0,0,0,0,0,0,0,9,0,0,0,0,0,0,0,0,0,1800,FALSE,FALSE,TRUE,TRUE
Warehouse lvl 10,2.6,11,11,11,0,0,0,0,0,0,0,0,0,0,0,0,0,10,0,0,0,0,0,0,0,0,0,2000,FALSE,FALSE,TRUE,TRUE
Gateway lvl 1,12,12,12,12,0,12,12,0,0,0,0,0,3,0,0,0,0,0,0,0,0,0,0,1,0,0,0,100,FALSE,FALSE,TRUE,TRUE
Gateway lvl 2,14,14,14,14,0,14,14,0,0,0,0,0,6,0,0,0,0,0,0,0,0,0,0,2,0,0,0,200,FALSE,FALSE,TRUE,TRUE
Gateway lvl 3,16,16,16,16,0,16,16,0,0,0,0,0,9,0,0,0,0,0,0,0,0,0,0,3,0,0,0,300,FALSE,FALSE,TRUE,TRUE
Gateway lvl 4,18,18,18,18,0,18,18,0,0,0,0,0,12,0,0,0,0,0,0,0,0,0,0,4,0,0,0,400,FALSE,FALSE,TRUE,TRUE
Gateway lvl 5,20,20,20,20,0,20,20,0,0,0,0,0,15,0,0,0,0,0,0,0,0,0,0,5,0,0,0,500,FALSE,FALSE,TRUE,TRUE
Gateway lvl 6,22,22,22,22,0,22,22,0,0,0,0,0,18,0,0,0,0,0,0,0,0,0,0,6,0,0,0,600,FALSE,FALSE,TRUE,TRUE
Gateway lvl 7,24,24,24,24,0,24,24,0,0,0,0,0,21,0,0,0,0,0,0,0,0,0,0,7,0,0,0,700,FALSE,FALSE,TRUE,TRUE
Gateway lvl 8,26,26,26,26,0,26,26,0,0,0,0,0,24,0,0,0,0,0,0,0,0,0,0,8,0,0,0,800,FALSE,FALSE,TRUE,TRUE
Gateway lvl 9,28,28,28,28,0,28,28,0,0,0,0,0,27,0,0,0,0,0,0,0,0,0,0,9,0,0,0,900,FALSE,FALSE,TRUE,TRUE
Gateway lvl 10,30,30,30,30,0,30,30,0,0,0,0,0,30,0,0,0,0,0,0,0,0,0,0,10,0,0,0,1000,FALSE,FALSE,TRUE,TRUE
Estate lvl 1,2,3,3,3,3,3,0,0,0,0,0,0,0,0,0,0,1,0,1,0,0,0,0,0,0,0,0,0,FALSE,FALSE,TRUE,TRUE
Estate lvl 2,2,4,4,4,4,4,0,0,0,0,0,0,0,0,0,0,2,0,2,0,0,0,0,0,0,0,0,0,FALSE,FALSE,TRUE,TRUE
Estate lvl 3,2,5,5,5,5,5,0,0,0,0,0,0,0,0,0,0,3,0,3,0,0,0,0,0,0,0,0,0,FALSE,FALSE,TRUE,TRUE
Estate lvl 4,2,6,6,6,6,6,0,0,0,0,0,0,0,0,0,0,4,0,4,0,0,0,0,0,0,0,0,0,FALSE,FALSE,TRUE,TRUE
Estate lvl 5,2,7,7,7,7,7,0,0,0,0,0,0,0,0,0,0,5,0,5,0,0,0,0,0,0,0,0,0,FALSE,FALSE,TRUE,TRUE
Estate lvl 6,2,8,8,8,8,8,1,0,0,0,0,0,0,0,0,0,6,1,6,0,0,0,0,0,0,0,0,0,FALSE,FALSE,TRUE,TRUE
Estate lvl 7,2,9,9,9,9,9,2,0,0,0,0,0,0,0,0,0,7,2,7,0,0,0,0,0,0,0,0,0,FALSE,FALSE,TRUE,TRUE
Estate lvl 8,2,10,10,10,10,10,3,0,0,0,0,0,0,0,0,0,8,3,8,0,0,0,0,0,0,0,0,0,FALSE,FALSE,TRUE,TRUE
Estate lvl 9,2,11,11,11,11,11,4,0,0,0,0,0,0,0,0,0,9,4,9,0,0,0,0,0,0,0,0,0,FALSE,FALSE,TRUE,TRUE
Estate lvl 10,2,12,12,12,12,12,5,0,0,0,0,0,0,0,0,0,10,5,10,0,0,0,0,0,0,0,0,0,FALSE,FALSE,TRUE,TRUE
Homeward lvl 1,2,5,7,7,0,7,0,0,0,0,0,0,0,0,0,0,0,3,3,0,0,0,0,0,0,0,0,0,FALSE,FALSE,TRUE,TRUE
Homeward lvl 2,2,6,8,8,0,8,0,0,0,0,0,0,0,0,0,0,0,6,6,0,0,0,0,0,0,0,0,0,FALSE,FALSE,TRUE,TRUE
Homeward lvl 3,2,7,9,9,0,9,0,0,0,0,0,0,0,0,0,0,0,9,9,0,0,0,0,0,0,0,0,0,FALSE,FALSE,TRUE,TRUE
Homeward lvl 4,2,8,10,10,0,10,0,0,0,0,0,0,0,0,0,0,0,12,12,0,0,0,0,0,0,0,0,0,FALSE,FALSE,TRUE,TRUE
Homeward lvl 5,2,9,11,11,0,11,0,0,0,0,0,0,0,0,0,0,0,15,15,0,0,0,0,0,0,0,0,0,FALSE,FALSE,TRUE,TRUE
Homeward lvl 6,2,10,12,12,0,12,1,0,0,0,0,0,0,0,0,0,0,18,18,0,0,0,0,0,0,0,0,0,FALSE,FALSE,TRUE,TRUE
Homeward lvl 7,2,11,13,13,0,13,2,0,0,0,0,0,0,0,0,0,0,21,21,0,0,0,0,0,0,0,0,0,FALSE,FALSE,TRUE,TRUE
Homeward lvl 8,2,12,14,14,0,14,3,0,0,0,0,0,0,0,0,0,0,24,24,0,0,0,0,0,0,0,0,0,FALSE,FALSE,TRUE,TRUE
Homeward lvl 9,2,13,15,15,0,15,4,0,0,0,0,0,0,0,0,0,0,27,27,0,0,0,0,0,0,0,0,0,FALSE,FALSE,TRUE,TRUE
Homeward lvl 10,2,14,16,16,0,16,5,0,0,0,0,0,0,0,0,0,0,30,30,0,0,0,0,0,0,0,0,0,FALSE,FALSE,TRUE,TRUE
Castle lvl 1,12,30,30,30,0,30,30,0,0,0,0,0,0,5,5,5,5,5,5,0,0,0,1,1,1,-1,8,200,FALSE,FALSE,TRUE,TRUE
Castle lvl 2,24,60,60,60,0,60,60,0,0,0,0,0,0,10,10,10,10,10,10,0,0,0,2,2,2,-2,16,400,FALSE,FALSE,TRUE,TRUE
Castle lvl 3,36,90,90,90,0,90,90,0,0,0,0,0,0,15,15,15,15,15,15,0,0,0,3,3,3,-3,24,600,FALSE,FALSE,TRUE,TRUE
Castle lvl 4,48,120,120,120,0,120,120,0,0,0,0,0,0,20,20,20,20,20,20,0,0,0,4,4,4,-4,32,800,FALSE,FALSE,TRUE,TRUE
Castle lvl 5,60,150,150,150,0,150,150,0,0,0,0,0,0,25,25,25,25,25,25,0,0,0,5,5,5,-5,40,1000,FALSE,FALSE,TRUE,TRUE
Castle lvl 6,72,180,180,180,0,180,180,0,0,0,0,0,0,30,30,30,30,30,30,0,0,0,6,6,6,-6,48,1200,FALSE,FALSE,TRUE,TRUE
Castle lvl 7,84,210,210,210,0,210,210,0,0,0,0,0,0,35,35,35,35,35,35,0,0,0,7,7,7,-7,56,1400,FALSE,FALSE,TRUE,TRUE
Castle lvl 8,96,240,240,240,0,240,240,0,0,0,0,0,0,40,40,40,40,40,40,0,0,0,8,8,8,-8,64,1600,FALSE,FALSE,TRUE,TRUE
Castle lvl 9,108,270,270,270,0,270,270,0,0,0,0,0,0,45,45,45,45,45,45,0,0,0,9,9,9,-9,72,1800,FALSE,FALSE,TRUE,TRUE
Castle lvl 10,120,300,300,300,0,300,300,0,0,0,0,0,0,50,50,50,50,50,50,0,0,0,10,10,10,-10,80,2000,FALSE,FALSE,TRUE,TRUE
